2012-11-07	81.800003	82.000000	79.820000	79.889999	73.793152	3842100
2012-11-08	80.019997	80.580002	78.889999	78.889999	72.869476	2701900
2012-11-09	78.330002	79.290001	77.800003	78.559998	72.564659	4276400
2012-11-12	78.860001	78.989998	78.019997	78.570000	72.573883	1896800
2012-11-13	78.000000	78.900002	77.290001	77.339996	71.437759	2736700
2012-11-14	78.059998	78.610001	76.180000	76.320000	70.495613	3501800
2012-11-15	76.239998	77.169998	75.500000	75.650002	69.876732	3968700
2012-11-16	76.070000	76.230003	74.500000	75.300003	69.553452	5390800
2012-11-19	76.320000	77.099998	75.879997	77.099998	71.216057	3462400
2012-11-20	77.010002	77.279999	75.570000	75.800003	70.015282	3415400
2012-11-21	75.800003	76.330002	75.379997	76.300003	70.477112	2940400
2012-11-23	76.610001	77.139999	76.370003	77.139999	71.253036	1541200
2012-11-26	76.419998	76.720001	75.820000	76.480003	70.643394	4068900
2012-11-27	76.230003	77.750000	76.169998	77.230003	71.336159	3643000
2012-11-28	76.510002	77.650002	76.139999	77.599998	71.677917	2750500
2012-11-29	78.279999	78.279999	76.760002	76.970001	71.095993	2284500
2012-11-30	76.940002	77.599998	76.570000	77.089996	71.206841	2914200
2012-12-03	77.720001	77.949997	76.320000	76.360001	70.532547	2632400
2012-12-04	76.300003	76.470001	75.629997	76.260002	70.440186	2483800
2012-12-05	76.580002	78.160004	76.510002	77.730003	71.798004	3398500
2012-12-06	77.160004	77.449997	75.820000	76.370003	70.541771	3580600
2012-12-07	76.620003	76.930000	76.110001	76.510002	70.671104	2448700
2012-12-10	75.690002	75.959999	74.699997	75.070000	69.340988	4059100
2012-12-11	75.400002	76.360001	75.300003	76.349998	70.523315	4049700
2012-12-12	76.889999	78.510002	76.769997	77.809998	71.871872	4809000
2012-12-13	77.360001	78.379997	76.699997	77.400002	71.493195	3197400
2012-12-14	76.959999	77.489998	76.790001	77.019997	71.142174	2383300
2012-12-17	77.309998	77.769997	76.900002	77.459999	71.548607	2223300
2012-12-18	77.529999	80.330002	77.360001	80.160004	74.042549	4382700
2012-12-19	80.050003	80.970001	79.849998	79.879997	73.783913	3973100
2012-12-20	80.160004	80.480003	79.260002	79.970001	73.867043	3098200
2012-12-21	78.639999	80.000000	78.110001	80.000000	73.894753	3985300
2012-12-24	79.360001	79.500000	78.589996	78.680000	72.675507	1362700
2012-12-26	79.150002	79.339996	78.160004	78.239998	72.269058	1779700
2012-12-27	78.199997	78.480003	77.169998	78.239998	72.269058	2124600
2012-12-28	77.580002	77.870003	77.019997	77.050003	71.169884	2195800
2012-12-31	76.669998	78.540001	76.489998	78.500000	72.509224	2460300
2013-01-02	80.000000	80.750000	79.529999	80.739998	74.578300	3468800
2013-01-03	80.599998	82.440002	80.040001	81.820000	75.575859	3095200
2013-01-04	82.199997	83.720001	81.910004	83.199997	76.850548	3094800
2013-01-07	81.800003	81.989998	80.120003	80.349998	74.218033	4713400
2013-01-08	80.169998	80.250000	79.400002	79.910004	73.811630	2721300
2013-01-09	80.430000	80.510002	79.250000	79.599998	73.525291	2535000
2013-01-10	80.199997	80.720001	79.680000	80.709999	74.550575	2264600
2013-01-11	80.599998	80.809998	79.949997	80.570000	74.421257	1942300
2013-01-14	80.360001	80.889999	79.919998	80.330002	74.199577	1448600
2013-01-15	79.809998	80.440002	79.320000	80.400002	74.264229	1926200
2013-01-16	80.190002	80.970001	79.940002	80.830002	74.661430	2106100
2013-01-17	80.959999	81.540001	80.400002	81.320000	75.272339	2163600
2013-01-18	81.330002	82.000000	81.250000	81.820000	75.735146	2988300
2013-01-22	81.790001	82.599998	80.910004	82.580002	76.438629	2724300
2013-01-23	82.449997	82.949997	81.949997	82.059998	75.957306	2269700
2013-01-24	82.160004	83.769997	82.129997	83.239998	77.049538	3445100
2013-01-25	83.510002	84.480003	83.500000	84.150002	77.891861	3382600
2013-01-28	84.449997	84.449997	83.099998	83.730003	77.503105	2444800
2013-01-29	83.730003	85.580002	83.570000	85.379997	79.030396	3713400
2013-01-30	85.410004	86.349998	84.209999	84.360001	78.086250	3304400
2013-01-31	84.129997	84.419998	83.500000	83.760002	77.530884	2939700
2013-02-01	84.599998	85.500000	83.870003	85.360001	79.011887	3340600
2013-02-04	84.760002	84.800003	83.360001	83.570000	77.355003	3097200
2013-02-05	83.949997	85.620003	83.900002	85.239998	78.900803	2882700
2013-02-06	84.540001	85.160004	84.099998	84.910004	78.595352	2253300
2013-02-07	85.099998	85.099998	83.519997	83.739998	77.512352	2584600
2013-02-08	84.129997	85.180000	84.110001	84.650002	78.354691	2181700
2013-02-11	84.809998	85.470001	83.730003	83.809998	77.577148	2207500
2013-02-12	84.059998	84.430000	83.330002	84.180000	77.919632	2735900
2013-02-13	84.180000	84.430000	83.699997	84.330002	78.058479	3167700
2013-02-14	83.720001	84.000000	80.110001	80.330002	74.355949	8654200
2013-02-15	80.080002	80.160004	76.610001	76.849998	71.134766	10830300
2013-02-19	76.839996	77.360001	76.269997	77.300003	71.551292	5854800
2013-02-20	77.220001	77.260002	75.410004	75.480003	69.866646	5908600
2013-02-21	75.199997	75.639999	74.480003	75.110001	69.524162	4568900
2013-02-22	75.419998	75.849998	74.779999	75.400002	69.792610	2984000
2013-02-25	76.040001	76.040001	73.250000	73.250000	67.802475	3972400
2013-02-26	73.690002	74.190002	72.620003	73.559998	68.089432	4187600
2013-02-27	73.349998	74.800003	73.349998	74.379997	68.848457	3952600
2013-02-28	74.260002	74.800003	73.849998	74.269997	68.746635	3507000
2013-03-01	73.559998	74.120003	72.760002	73.750000	68.265289	3794200
2013-03-04	73.449997	73.849998	72.199997	72.730003	67.321167	4528400
2013-03-05	73.209999	73.440002	72.720001	72.849998	67.432236	3305400
2013-03-06	73.379997	73.769997	73.010002	73.550003	68.080177	3099500
2013-03-07	74.510002	76.480003	74.239998	75.650002	70.023994	5420100
2013-03-08	76.059998	76.169998	75.419998	75.650002	70.023994	2494800
2013-03-11	75.430000	75.730003	74.510002	75.510002	69.894409	2730300
2013-03-12	75.529999	75.870003	75.160004	75.269997	69.672256	2289400
2013-03-13	75.180000	75.599998	75.070000	75.279999	69.681519	1938800
2013-03-14	75.449997	75.989998	75.230003	75.480003	69.866646	2647200
2013-03-15	75.129997	76.239998	74.699997	75.680000	70.051788	4665500
2013-03-18	74.680000	76.339996	74.669998	75.720001	70.088799	3283600
2013-03-19	75.779999	75.910004	74.139999	74.660004	69.107628	2835800
2013-03-20	75.269997	75.529999	74.349998	75.370003	69.764832	2577700
2013-03-21	74.910004	75.330002	74.120003	74.150002	68.635559	2885600
2013-03-22	74.480003	75.250000	74.230003	74.470001	68.931747	2948300
2013-03-25	74.650002	75.150002	74.290001	74.629997	69.079857	2806800
2013-03-26	75.050003	75.209999	74.300003	74.400002	68.866966	3880100
2013-03-27	74.010002	75.980003	73.680000	75.930000	70.283195	4444600
2013-03-28	75.930000	78.080002	75.860001	77.160004	71.421692	6026100
2013-04-01	77.209999	77.250000	75.699997	76.709999	71.005180	2755400
2013-04-02	76.870003	76.870003	75.839996	76.160004	70.496063	2567100
2013-04-03	76.070000	76.089996	74.400002	74.849998	69.283493	3144500
2013-04-04	74.959999	75.650002	74.400002	75.000000	69.422333	2449900
2013-04-05	74.099998	74.790001	73.580002	74.199997	68.681839	3406300
2013-04-08	74.199997	74.769997	73.970001	74.639999	69.089119	2176800
2013-04-09	74.599998	75.870003	74.029999	75.489998	69.875900	2359500
2013-04-10	75.750000	76.120003	75.239998	75.629997	70.005478	2509400
2013-04-11	75.889999	76.779999	75.690002	76.519997	70.829300	2978100
2013-04-12	75.949997	76.019997	74.989998	75.089996	69.505646	3672500
2013-04-15	74.339996	74.519997	72.589996	72.620003	67.219330	3983400
2013-04-16	73.379997	74.000000	70.519997	72.050003	66.691742	5598000
2013-04-17	71.410004	72.000000	70.599998	71.449997	66.136353	5052800
2013-04-18	70.180000	71.050003	69.849998	70.820000	65.737221	4833900
2013-04-19	71.250000	71.300003	68.570000	68.839996	63.899311	5657300
2013-04-22	69.120003	69.449997	67.910004	69.209999	64.242775	3213200
2013-04-23	69.500000	70.769997	69.169998	70.459999	65.403046	3528400
2013-04-24	70.820000	71.489998	70.519997	71.339996	66.219910	3159100
2013-04-25	71.610001	73.260002	71.120003	72.480003	67.278053	3698600
2013-04-26	72.570000	72.690002	71.400002	72.269997	67.083145	2106200
2013-04-29	72.629997	73.669998	71.709999	73.160004	67.909264	2172100
2013-04-30	73.550003	73.940002	72.410004	73.879997	68.577591	3337100
2013-05-01	73.449997	73.879997	72.529999	73.419998	68.150604	3278700
2013-05-02	73.680000	73.970001	72.510002	73.800003	68.503357	2391800
2013-05-03	74.300003	75.910004	74.300003	75.239998	69.839981	2591500
2013-05-06	75.250000	76.339996	75.010002	76.019997	70.564003	2210800
2013-05-07	76.510002	77.580002	76.309998	76.699997	71.195213	2844000
2013-05-08	76.800003	77.830002	76.099998	77.760002	72.179146	3702000
2013-05-09	78.510002	81.849998	78.510002	81.470001	75.622864	9767700
2013-05-10	81.070000	83.410004	80.620003	83.330002	77.349365	5826600
2013-05-13	81.839996	83.500000	81.839996	83.279999	77.302948	4690000
2013-05-14	83.410004	83.800003	82.610001	83.029999	77.070900	3521500
2013-05-15	82.730003	82.809998	80.849998	81.889999	76.012703	3303100
2013-05-16	81.900002	81.940002	80.879997	80.889999	75.084480	3029500
2013-05-17	81.029999	81.690002	80.550003	81.300003	75.465042	4376200
2013-05-20	81.300003	84.199997	81.230003	84.080002	78.045547	4728900
2013-05-21	83.959999	84.860001	83.680000	84.360001	78.305428	3206600
2013-05-22	84.330002	85.519997	83.120003	83.370003	77.386497	3961000
2013-05-23	81.269997	81.879997	80.739998	81.849998	75.975571	4890200
2013-05-24	81.449997	81.860001	80.970001	81.660004	75.799225	1873100
2013-05-28	82.709999	83.199997	81.410004	82.389999	76.476822	3051700
2013-05-29	81.709999	85.139999	81.540001	84.290001	78.240463	4128500
2013-05-30	83.910004	85.150002	83.110001	84.750000	78.667458	3585100
2013-05-31	84.400002	85.290001	82.089996	82.129997	76.235474	3875100
2013-06-03	82.709999	84.580002	82.120003	84.570000	78.500381	5404500
2013-06-04	84.129997	84.919998	83.500000	84.349998	78.296143	2648600
2013-06-05	84.989998	86.309998	84.680000	84.739998	78.658165	4577800
2013-06-06	85.000000	85.860001	84.220001	85.800003	79.642097	3539900
2013-06-07	85.750000	86.099998	84.589996	84.730003	78.648880	4017500
2013-06-10	84.930000	85.820000	84.370003	85.610001	79.465729	3812800
2013-06-11	84.580002	84.930000	84.150002	84.400002	78.342583	3810600
2013-06-12	85.000000	85.360001	84.260002	84.449997	78.388962	5127500
2013-06-13	84.139999	85.239998	83.900002	85.120003	79.010902	2531000
2013-06-14	85.440002	85.610001	84.489998	84.889999	78.797401	2514400
2013-06-17	85.339996	86.919998	85.290001	86.519997	80.310417	3371800
2013-06-18	86.449997	87.570000	86.260002	87.120003	80.867348	2980400
2013-06-19	87.230003	87.570000	86.570000	86.570000	80.356834	3405800
2013-06-20	85.610001	85.849998	84.199997	84.930000	78.834534	4891000
2013-06-21	85.559998	85.639999	84.449997	85.040001	78.936638	4977300
2013-06-24	83.720001	84.269997	81.669998	82.180000	76.281906	4594700
2013-06-25	82.870003	83.120003	82.300003	82.639999	76.708878	3147400
2013-06-26	83.209999	83.589996	82.849998	83.169998	77.200836	2421500
2013-06-27	83.550003	84.220001	83.300003	84.059998	78.026962	2605600
2013-06-28	83.610001	84.589996	83.290001	83.830002	77.813477	3273100
2013-07-01	84.209999	84.320000	83.029999	83.300003	77.321526	4718400
2013-07-02	83.220001	84.330002	81.470001	82.129997	76.235474	5069700
2013-07-03	81.769997	81.930000	79.500000	80.230003	74.471855	5293200
2013-07-05	81.769997	83.010002	81.279999	82.169998	76.272621	5102300
2013-07-08	82.519997	82.879997	81.320000	81.449997	75.604279	3257900
2013-07-09	81.870003	82.190002	80.750000	81.459999	75.613564	3758600
2013-07-10	81.400002	81.430000	80.129997	80.330002	74.564682	4649600
2013-07-11	80.949997	81.940002	80.070000	81.690002	75.827072	4688100
2013-07-12	81.570000	82.570000	81.449997	82.410004	76.495392	2286100
2013-07-15	82.389999	83.209999	82.129997	82.970001	77.015205	2733400
2013-07-16	82.959999	83.220001	81.449997	82.029999	76.142662	2830800
2013-07-17	82.059998	82.519997	81.800003	82.510002	76.588234	2763000
2013-07-18	82.510002	83.680000	82.470001	83.599998	77.788544	2929400
2013-07-19	85.250000	85.410004	83.889999	84.980003	79.072617	5977400
2013-07-22	84.900002	84.970001	83.709999	83.900002	78.067673	3147200
2013-07-23	83.889999	84.150002	83.300003	83.570000	77.760620	1917300
2013-07-24	83.309998	83.559998	81.860001	82.510002	76.774315	2298500
2013-07-25	82.540001	83.309998	81.900002	82.769997	77.016228	2184700
2013-07-26	82.290001	82.410004	81.730003	82.059998	76.355591	1880800
2013-07-29	81.800003	81.919998	80.489998	81.150002	75.508835	2458500
2013-07-30	81.000000	81.050003	79.989998	80.580002	74.978493	2333500
2013-07-31	80.769997	81.949997	80.250000	80.250000	74.671417	3034300
2013-08-01	81.849998	82.330002	80.519997	81.680000	76.002014	2916200
2013-08-02	81.250000	82.290001	80.889999	82.000000	76.299774	3843100
2013-08-05	81.970001	82.480003	81.459999	82.309998	76.588226	2438000
2013-08-06	82.290001	82.489998	81.620003	82.260002	76.541695	3302600
2013-08-07	82.120003	82.540001	81.349998	81.940002	76.243919	3248600
2013-08-08	82.000000	83.510002	81.919998	83.180000	77.397743	2332000
2013-08-09	83.040001	83.510002	82.379997	83.199997	77.416344	1845200
2013-08-12	82.559998	83.370003	82.400002	82.699997	76.951111	1369100
2013-08-13	82.870003	83.000000	82.139999	82.510002	76.774315	1837100
2013-08-14	82.410004	82.559998	80.720001	80.739998	75.127335	3349600
2013-08-15	80.339996	80.419998	79.559998	80.269997	74.690025	2642300
2013-08-16	80.050003	80.180000	78.830002	78.989998	73.498993	3453300
2013-08-19	78.419998	78.449997	75.279999	75.370003	70.130653	6771700
2013-08-20	75.800003	76.989998	75.070000	76.269997	70.968071	4362300
2013-08-21	76.489998	77.870003	76.300003	77.220001	71.852051	4464500
2013-08-22	77.470001	79.339996	77.160004	78.989998	73.498993	2402200
2013-08-23	79.279999	79.919998	78.400002	79.800003	74.252701	2466000
2013-08-26	79.949997	80.800003	79.690002	79.730003	74.187546	2306300
2013-08-27	78.220001	79.230003	78.160004	78.570000	73.108215	2879700
2013-08-28	78.720001	80.309998	78.639999	79.169998	73.666481	2377800
2013-08-29	78.910004	79.050003	78.419998	78.639999	73.173340	1737300
2013-08-30	84.860001	85.989998	84.150002	85.680000	79.723961	13946800
2013-09-03	86.500000	86.690002	84.410004	84.790001	78.895813	4539500
2013-09-04	84.559998	86.000000	84.500000	85.529999	79.584373	3669500
2013-09-05	85.980003	86.730003	85.760002	86.190002	80.198494	3765300
2013-09-06	86.190002	87.169998	85.809998	86.510002	80.496254	2794200
2013-09-09	86.059998	87.029999	86.010002	86.660004	80.635826	2411800
2013-09-10	87.650002	87.760002	86.849998	87.260002	81.194122	3453300
2013-09-11	86.620003	87.230003	86.230003	87.029999	80.980095	3094800
2013-09-12	87.029999	87.629997	86.760002	87.199997	81.138290	2334100
2013-09-13	87.080002	87.419998	86.430000	86.809998	80.775398	1932800
2013-09-16	87.779999	87.860001	86.910004	87.000000	80.952187	2793000
2013-09-17	87.820000	88.739998	87.550003	88.250000	82.115311	3331200
2013-09-18	88.050003	89.169998	87.440002	88.930000	82.748024	2608000
2013-09-19	89.000000	89.110001	88.050003	88.470001	82.319984	1658700
2013-09-20	88.540001	88.610001	87.599998	87.849998	81.743095	4749900
2013-09-23	87.500000	87.820000	87.000000	87.370003	81.296471	1810800
2013-09-24	87.500000	87.879997	86.570000	87.000000	80.952187	2072100
2013-09-25	87.279999	87.550003	86.589996	86.629997	80.607903	2203500
2013-09-26	86.919998	87.000000	86.029999	86.489998	80.477638	2030300
2013-09-27	86.239998	86.900002	86.059998	86.250000	80.254326	1849900
2013-09-30	85.430000	85.589996	84.750000	85.139999	79.221481	2061300
2013-10-01	84.760002	86.839996	84.760002	86.470001	80.459030	2491700
2013-10-02	85.959999	86.459999	84.970001	86.070000	80.086830	2725300
2013-10-03	86.080002	86.459999	85.279999	85.629997	79.677422	1662000
2013-10-04	85.559998	87.290001	85.360001	87.000000	80.952187	1982800
2013-10-07	86.040001	87.160004	85.629997	86.820000	80.784698	1910500
2013-10-08	87.040001	87.449997	85.980003	86.099998	80.114761	2614700
2013-10-09	86.419998	86.480003	84.949997	85.919998	79.947266	2162300
2013-10-10	86.620003	87.680000	86.440002	87.620003	81.529076	2005800
2013-10-11	86.879997	88.309998	86.800003	87.949997	81.836143	1764400
2013-10-14	87.239998	89.330002	87.129997	88.620003	82.459564	1608600
2013-10-15	88.519997	89.589996	88.180000	88.730003	82.561935	2721700
2013-10-16	89.000000	90.739998	89.000000	90.230003	83.957649	2965800
2013-10-17	90.000000	90.639999	89.680000	90.570000	84.274033	2231400
2013-10-18	90.769997	91.650002	90.570000	91.260002	85.103989	2761400
2013-10-21	90.599998	91.129997	88.809998	89.589996	83.546631	3557700
2013-10-22	89.849998	90.599998	89.209999	89.699997	83.649208	1799200
2013-10-23	89.260002	89.589996	88.089996	88.739998	82.753975	1981200
2013-10-24	88.730003	90.239998	88.470001	89.769997	83.714485	2026000
2013-10-25	90.110001	90.529999	89.769997	90.449997	84.348610	1705600
2013-10-28	90.529999	90.720001	90.000000	90.360001	84.264702	1757600
2013-10-29	90.550003	91.209999	90.410004	90.849998	84.721649	1563900
2013-10-30	90.639999	91.180000	88.209999	88.930000	82.931152	2157700
2013-10-31	89.110001	89.970001	88.529999	88.800003	82.809937	1951800
2013-11-01	88.889999	89.699997	88.349998	89.239998	83.220222	2323200
2013-11-04	89.589996	90.400002	89.250000	90.349998	84.255371	1772800
2013-11-05	90.089996	90.089996	89.019997	89.129997	83.117661	2527300
2013-11-06	89.500000	89.889999	87.730003	88.449997	82.483543	3189700
2013-11-07	89.370003	91.099998	88.129997	88.589996	82.614075	4677800
2013-11-08	88.779999	89.900002	88.589996	89.800003	83.742485	3248100
2013-11-11	90.000000	90.169998	89.419998	89.790001	83.733147	2142900
2013-11-12	89.839996	90.110001	89.029999	89.709999	83.658539	3456100
2013-11-13	89.129997	90.889999	88.839996	90.849998	84.721649	2395500
2013-11-14	90.760002	92.440002	90.419998	92.129997	85.915283	2914400
2013-11-15	92.260002	92.839996	91.599998	92.500000	86.260338	2634100
2013-11-18	91.419998	93.199997	91.419998	91.989998	85.784729	2559900
2013-11-19	91.830002	93.220001	91.620003	93.010002	86.735924	3316900
2013-11-20	93.419998	93.989998	92.779999	93.180000	86.894463	2536700
2013-11-21	93.489998	94.839996	93.489998	93.989998	87.649818	2546200
2013-11-22	93.989998	94.769997	93.410004	94.419998	88.050819	2104500
2013-11-25	93.849998	94.070000	92.150002	93.239998	86.950424	2012500
2013-11-26	93.239998	94.550003	92.669998	93.739998	87.416702	2588600
2013-11-27	93.419998	93.730003	91.510002	92.040001	85.831367	2586400
2013-11-29	91.940002	92.279999	90.870003	91.489998	85.318459	1178300
2013-12-02	91.220001	91.849998	90.699997	91.199997	85.048027	2066800
2013-12-03	91.279999	91.339996	89.900002	90.559998	84.451210	2843900
2013-12-04	90.650002	91.269997	89.540001	89.889999	83.826401	2148200
2013-12-05	89.519997	90.820000	89.110001	89.839996	83.779762	2759200
2013-12-06	90.940002	91.050003	88.949997	89.019997	83.015091	2363400
2013-12-09	89.089996	90.029999	88.239998	88.980003	82.977798	2662600
2013-12-10	88.550003	89.510002	87.680000	87.879997	81.951981	2483900
2013-12-11	87.879997	88.199997	86.139999	86.419998	80.590469	2539200
2013-12-12	85.760002	86.480003	85.070000	86.029999	80.226768	3522200
2013-12-13	85.779999	86.500000	85.300003	86.160004	80.348007	2618400
2013-12-16	86.129997	86.839996	85.650002	86.139999	80.329338	2634300
2013-12-17	85.690002	85.970001	85.239998	85.279999	79.527359	3413100
2013-12-18	85.349998	86.000000	84.150002	85.870003	80.077576	2366100
2013-12-19	85.540001	86.800003	85.339996	86.589996	80.749001	2217500
2013-12-20	86.440002	87.150002	86.410004	86.410004	80.581146	2967700
2013-12-23	87.040001	87.629997	85.870003	85.959999	80.161491	2217600
2013-12-24	86.099998	86.480003	85.809998	86.209999	80.394623	822100
2013-12-26	86.500000	86.750000	85.900002	86.309998	80.487877	1232100
2013-12-27	86.389999	87.040001	85.879997	86.680000	80.832939	1501400
2013-12-30	87.160004	87.830002	86.110001	86.160004	80.348007	1635100
2013-12-31	86.150002	86.419998	85.500000	85.940002	80.142860	2331100
2014-01-02	85.820000	85.970001	85.160004	85.480003	79.713898	2565400
2014-01-03	85.800003	86.730003	85.379997	85.540001	79.769829	2259400
2014-01-06	85.760002	86.470001	85.120003	86.309998	80.487877	2316000
2014-01-07	86.419998	87.910004	86.129997	87.900002	81.970634	2812300
2014-01-08	87.559998	87.580002	86.360001	86.650002	80.804955	2712800
2014-01-09	86.489998	87.000000	85.430000	86.089996	80.282745	2141900
2014-01-10	85.949997	86.459999	85.639999	86.199997	80.385292	2389200
2014-01-13	85.949997	86.410004	84.059998	84.290001	78.604149	2583800
2014-01-14	84.500000	85.820000	84.500000	85.690002	79.909714	3453700
2014-01-15	85.849998	86.040001	84.260002	84.440002	78.744034	2970000
2014-01-16	84.250000	85.949997	83.750000	85.900002	80.105545	3187600
2014-01-17	85.900002	85.900002	84.279999	84.309998	78.806274	2859100
2014-01-21	84.779999	85.230003	84.309998	84.489998	78.974541	2090700
2014-01-22	84.760002	85.220001	83.360001	84.529999	79.011932	2444800
2014-01-23	84.169998	84.739998	83.230003	83.589996	78.133293	2154400
2014-01-24	83.400002	83.550003	82.129997	82.419998	77.039658	3191400
2014-01-27	81.930000	82.000000	80.620003	81.180000	75.880615	3540800
2014-01-28	81.019997	82.629997	81.000000	81.989998	76.637718	2213400
2014-01-29	81.330002	81.910004	80.800003	81.019997	75.731064	2009800
2014-01-30	81.690002	81.699997	80.669998	81.279999	75.974075	1453300
2014-01-31	80.300003	80.949997	79.839996	80.260002	75.020676	2425500
2014-02-03	80.260002	80.629997	78.690002	78.730003	73.590553	3194400
2014-02-04	79.239998	79.550003	78.459999	78.500000	73.375557	3155300
2014-02-05	78.690002	78.830002	77.309998	78.019997	72.926888	3694500
2014-02-06	78.330002	80.089996	78.290001	79.919998	74.702858	2431600
2014-02-07	80.459999	81.620003	80.260002	81.400002	76.086250	3512500
2014-02-10	81.459999	81.589996	80.279999	80.750000	75.478676	2164300
2014-02-11	80.080002	81.800003	79.180000	81.379997	76.067558	2873900
2014-02-12	81.779999	81.980003	81.099998	81.279999	75.974075	2317900
2014-02-13	79.529999	81.169998	78.529999	80.959999	75.674973	5583300
2014-02-14	81.150002	83.820000	81.050003	83.389999	77.946358	4383600
2014-02-18	83.419998	83.760002	82.529999	83.320000	77.880913	3364600
2014-02-19	83.260002	85.290001	82.809998	84.070000	78.581947	3748800
2014-02-20	84.169998	84.580002	83.739998	84.360001	78.853020	2835100
2014-02-21	84.910004	85.949997	84.529999	84.559998	79.039948	3571100
2014-02-24	85.010002	85.830002	84.250000	84.330002	78.824974	3861200
2014-02-25	84.059998	84.059998	82.239998	83.089996	77.665916	3982600
2014-02-26	83.010002	83.099998	79.779999	79.820000	74.609398	6759500
2014-02-27	79.610001	79.849998	79.080002	79.589996	74.394417	4270800
2014-02-28	79.709999	80.139999	79.050003	79.290001	74.113976	5018700
2014-03-03	79.000000	80.779999	78.980003	79.860001	74.646767	4064800
2014-03-04	80.239998	80.769997	79.510002	80.480003	75.226303	3578500
2014-03-05	80.169998	80.370003	78.830002	79.010002	73.852264	3976200
2014-03-06	79.040001	79.849998	78.760002	79.519997	74.328972	3457900
2014-03-07	79.980003	80.260002	79.599998	80.050003	74.824371	2125700
2014-03-10	79.849998	80.610001	79.550003	80.500000	75.244995	2781800
2014-03-11	80.489998	81.260002	79.360001	79.550003	74.357033	2187700
2014-03-12	78.940002	79.669998	78.699997	79.190002	74.020523	2445000
2014-03-13	79.220001	79.580002	78.580002	78.989998	73.833565	2519500
2014-03-14	79.029999	79.360001	78.400002	79.230003	74.057899	2448600
2014-03-17	79.500000	79.760002	79.000000	79.370003	74.188759	1569400
2014-03-18	79.349998	80.480003	79.230003	80.040001	74.815041	2447800
2014-03-19	80.160004	80.239998	79.000000	79.330002	74.151375	1945500
2014-03-20	79.330002	80.209999	78.839996	80.050003	74.824371	1806000
2014-03-21	80.660004	81.389999	80.290001	80.709999	75.441284	4360500
2014-03-24	80.889999	81.389999	80.629997	80.769997	75.497368	2203900
2014-03-25	81.320000	81.989998	81.209999	81.930000	76.581650	3133400
2014-03-26	82.239998	82.489998	81.389999	81.459999	76.142326	2575000
2014-03-27	81.580002	82.480003	81.169998	82.080002	76.721870	2516100
2014-03-28	82.330002	83.360001	82.040001	83.019997	77.600494	3210100
2014-03-31	83.839996	83.900002	82.400002	82.949997	77.535072	2506700
2014-04-01	82.790001	83.820000	82.699997	83.760002	78.292183	3550800
2014-04-02	83.470001	84.480003	83.269997	84.230003	78.731514	2001200
2014-04-03	84.309998	85.410004	84.199997	85.360001	79.787735	2834600
2014-04-04	85.849998	86.320000	85.160004	85.470001	79.890572	3031600
2014-04-07	85.000000	85.190002	83.830002	84.089996	78.600639	3069500
2014-04-08	84.430000	85.500000	84.000000	85.180000	79.619492	2978100
2014-04-09	84.629997	84.750000	82.589996	83.650002	78.189362	4315200
2014-04-10	83.239998	84.080002	82.720001	82.720001	77.320084	3384900
2014-04-11	82.430000	83.110001	81.900002	82.089996	76.731194	2919200
2014-04-14	82.919998	83.000000	81.870003	82.570000	77.179871	3017600
2014-04-15	82.650002	83.809998	82.239998	83.330002	77.890266	3773900
2014-04-16	84.089996	84.690002	83.160004	84.169998	78.675415	3400800
2014-04-17	83.970001	85.190002	83.739998	85.110001	79.791046	4798000
2014-04-21	85.000000	85.820000	84.750000	85.800003	80.437927	3190400
2014-04-22	85.379997	86.400002	84.779999	86.199997	80.812927	3000900
2014-04-23	86.139999	88.320000	86.099998	87.580002	82.106682	5507200
2014-04-24	87.790001	88.389999	87.379997	87.959999	82.462936	2631400
2014-04-25	87.459999	87.870003	86.430000	87.279999	81.825432	3530400
2014-04-28	87.370003	87.550003	86.089996	86.809998	81.384811	2862000
2014-04-29	87.500000	88.690002	87.470001	87.830002	82.341072	2486600
2014-04-30	87.250000	87.440002	86.449997	86.800003	81.375450	3681300
2014-05-01	86.769997	87.230003	86.360001	87.040001	81.600441	3636200
2014-05-02	87.000000	87.820000	86.769997	86.959999	81.525436	1834000
2014-05-05	86.529999	87.250000	86.330002	86.959999	81.525436	2573300
2014-05-06	87.019997	87.589996	86.419998	86.419998	81.019173	3547500
2014-05-07	87.050003	88.129997	86.570000	87.760002	82.275436	3872400
2014-05-08	88.580002	89.970001	86.830002	88.029999	82.528580	3996400
2014-05-09	88.500000	89.589996	87.839996	88.889999	83.334824	4973300
2014-05-12	89.199997	90.099998	88.900002	90.040001	84.412949	3362000
2014-05-13	90.309998	90.690002	89.809998	90.019997	84.394196	2214000
2014-05-14	90.050003	90.320000	89.790001	89.870003	84.253586	2701000
2014-05-15	89.860001	89.860001	88.180000	88.919998	83.362946	3450500
2014-05-16	88.839996	89.150002	88.000000	88.779999	83.231689	4009900
2014-05-19	88.339996	89.849998	88.209999	89.330002	83.747330	3648800
2014-05-20	89.000000	90.300003	88.949997	89.730003	84.122322	2314200
2014-05-21	90.040001	90.379997	89.440002	90.290001	84.647324	1740100
2014-05-22	90.260002	90.800003	89.860001	90.339996	84.694206	2098500
2014-05-23	90.330002	90.610001	90.059998	90.180000	84.544205	3204100
2014-05-27	90.360001	90.790001	89.769997	90.360001	84.712952	1929600
2014-05-28	90.620003	91.959999	90.620003	91.760002	86.025475	4467200
2014-05-29	91.949997	93.239998	91.720001	93.059998	87.244194	4409600
2014-05-30	92.589996	93.400002	92.220001	93.220001	87.394218	3762300
2014-06-02	93.089996	93.330002	92.430000	92.639999	86.850464	1865500
2014-06-03	92.190002	92.519997	91.529999	92.000000	86.250465	3466400
2014-06-04	91.930000	92.860001	91.930000	92.500000	86.719223	2189900
2014-06-05	92.680000	93.360001	92.309998	93.169998	87.347343	1914200
2014-06-06	92.849998	94.790001	92.750000	94.309998	88.416084	4109500
2014-06-09	94.290001	95.610001	93.889999	94.650002	88.734848	4058700
2014-06-10	94.459999	95.169998	94.160004	95.050003	89.109848	2533300
2014-06-11	94.680000	95.599998	94.510002	95.410004	89.447365	2331300
2014-06-12	95.779999	97.150002	95.750000	96.309998	90.291122	3204700
2014-06-13	96.870003	97.739998	96.510002	97.660004	91.556732	2778300
2014-06-16	97.900002	98.269997	97.519997	98.199997	92.062988	2465800
2014-06-17	97.739998	98.260002	97.320000	98.000000	91.875504	3183000
2014-06-18	98.040001	99.720001	97.900002	99.599998	93.375496	3067200
2014-06-19	99.129997	100.400002	98.980003	100.019997	93.769249	3091000
2014-06-20	100.190002	100.839996	99.730003	100.690002	94.397385	4327900
2014-06-23	101.480003	102.339996	101.000000	101.599998	95.250511	3984800
2014-06-24	101.620003	101.720001	98.510002	98.849998	92.672363	3273100
2014-06-25	99.099998	99.550003	98.190002	99.379997	93.169250	3205600
2014-06-26	99.610001	99.699997	98.720001	99.690002	93.459877	1947700
2014-06-27	99.470001	99.849998	98.959999	99.760002	93.525513	2011800
2014-06-30	99.809998	101.980003	99.690002	100.620003	94.331772	3727800
2014-07-01	100.949997	101.440002	100.139999	100.510002	94.228622	1955000
2014-07-02	100.000000	100.500000	99.400002	99.849998	93.609879	2020000
2014-07-03	99.849998	100.220001	99.400002	100.029999	93.778625	1086200
2014-07-07	100.459999	100.459999	98.830002	99.050003	92.859879	1945100
2014-07-08	98.589996	99.430000	98.290001	98.459999	92.306740	2621500
2014-07-09	98.500000	99.750000	98.470001	99.650002	93.422379	1952700
2014-07-10	98.419998	99.620003	97.879997	99.220001	93.019249	2203000
2014-07-11	98.720001	99.089996	97.370003	97.400002	91.313004	2191900
2014-07-14	97.930000	98.910004	97.919998	98.550003	92.391121	1949200
2014-07-15	97.989998	98.800003	97.320000	97.940002	91.819244	2603200
2014-07-16	98.500000	99.900002	98.459999	99.870003	93.628624	2525900
2014-07-17	100.000000	101.500000	98.809998	98.910004	92.728630	2912600
2014-07-18	99.040001	99.239998	98.199997	98.580002	92.653419	2143500
2014-07-21	98.419998	98.690002	97.809998	98.559998	92.634628	1441500
2014-07-22	103.720001	104.000000	102.220001	103.120003	96.920502	5865300
2014-07-23	102.980003	103.510002	101.470001	103.480003	97.258835	3969900
2014-07-24	103.360001	103.370003	102.379997	102.599998	96.431755	3707600
2014-07-25	102.239998	103.440002	101.160004	101.849998	95.726837	1317300
2014-07-28	101.389999	101.940002	100.639999	101.269997	95.181702	1803300
2014-07-29	100.989998	101.959999	100.709999	101.320000	95.228706	1934600
2014-07-30	102.190002	102.650002	100.750000	101.290001	95.200508	2321300
2014-07-31	103.080002	104.570000	101.900002	102.660004	96.488144	6190300
2014-08-01	102.349998	102.690002	99.750000	100.320000	94.288841	4280200
2014-08-04	99.879997	102.599998	99.699997	102.290001	96.140373	3956800
2014-08-05	101.709999	101.709999	98.449997	99.379997	93.405327	4064700
2014-08-06	98.910004	101.669998	98.879997	99.949997	93.941063	2386600
2014-08-07	100.440002	100.660004	97.910004	98.570000	92.644028	2902600
2014-08-08	98.989998	100.699997	98.639999	100.379997	94.345207	1895300
2014-08-11	100.400002	101.110001	99.709999	99.870003	93.865883	1887500
2014-08-12	99.580002	99.860001	98.000000	98.470001	92.550056	2691100
2014-08-13	98.790001	100.000000	98.290001	98.599998	92.672211	2302300
2014-08-14	99.050003	99.339996	97.680000	97.940002	92.051910	2861700
2014-08-15	98.440002	99.110001	97.870003	98.680000	92.747421	3567800
2014-08-18	99.309998	99.870003	97.599998	98.500000	92.578232	2694500
2014-08-19	98.830002	99.889999	98.830002	99.269997	93.301956	2441600
2014-08-20	99.339996	100.470001	98.650002	100.339996	94.307610	2446900
2014-08-21	100.019997	101.419998	99.559998	101.129997	95.050117	1883500
2014-08-22	100.949997	100.949997	99.709999	99.820000	93.818886	1657000
2014-08-25	100.120003	101.660004	100.029999	101.430000	95.332077	1757600
2014-08-26	101.500000	102.550003	101.410004	101.550003	95.444870	2037200
2014-08-27	101.660004	102.290001	101.019997	101.529999	95.426071	1643100
2014-08-28	101.449997	101.870003	101.040001	101.370003	95.275688	2164000
2014-08-29	100.809998	102.029999	100.809998	101.830002	95.708031	3026100
2014-09-02	101.820000	101.910004	99.559998	100.160004	94.138458	2349900
2014-09-03	101.330002	102.000000	100.260002	100.360001	94.326431	2137500
2014-09-04	100.209999	100.870003	98.099998	98.760002	92.822624	2218300
2014-09-05	98.260002	99.699997	98.260002	99.529999	93.546310	2535200
2014-09-08	98.800003	98.860001	97.349998	97.930000	92.042511	2198600
2014-09-09	97.900002	98.589996	96.639999	97.110001	91.271812	2749400
2014-09-10	96.739998	97.360001	95.910004	97.279999	91.431580	2609000
2014-09-11	96.099998	97.669998	95.809998	97.629997	91.760551	2088500
2014-09-12	97.250000	97.500000	96.080002	96.239998	90.454109	1621600
2014-09-15	95.919998	97.320000	95.220001	97.120003	91.281212	1858900
2014-09-16	97.269997	98.750000	97.129997	97.820000	91.939133	2294600
2014-09-17	98.269997	98.570000	97.330002	97.500000	91.638367	3594900
2014-09-18	97.879997	98.269997	96.540001	97.010002	91.177811	1908700
2014-09-19	97.550003	97.970001	96.510002	96.510002	90.707886	2566000
2014-09-22	96.089996	96.419998	94.250000	94.519997	88.837486	2598500
2014-09-23	94.470001	95.970001	94.300003	95.059998	89.345047	1647700
2014-09-24	94.389999	95.529999	92.900002	94.849998	89.147659	2817000
2014-09-25	95.029999	95.139999	93.309998	93.309998	87.700256	1892600
2014-09-26	93.360001	95.169998	92.949997	94.620003	88.931496	1507700
2014-09-29	93.330002	94.919998	92.980003	94.680000	88.987892	1823800
2014-09-30	94.410004	94.669998	92.839996	93.870003	88.226585	3647300
2014-10-01	93.589996	93.870003	90.769997	91.050003	85.576141	4988000
2014-10-02	90.059998	90.129997	87.680000	88.739998	83.404999	5087400
2014-10-03	88.769997	89.059998	86.769997	86.949997	81.722618	4516600
2014-10-06	87.410004	87.410004	85.760002	86.190002	81.008301	6632400
2014-10-07	85.459999	86.550003	84.150002	84.209999	79.147346	3126000
2014-10-08	83.769997	85.459999	82.970001	85.430000	80.294006	3927100
2014-10-09	84.800003	85.190002	81.790001	81.879997	76.957420	3215200
2014-10-10	81.480003	82.139999	79.309998	79.910004	75.105865	4893200
2014-10-13	79.900002	80.720001	75.830002	75.930000	71.365143	5008100
2014-10-14	76.410004	77.269997	74.139999	74.400002	69.927116	4403600
2014-10-15	72.510002	72.889999	69.279999	72.669998	68.301109	10104700
2014-10-16	70.830002	74.529999	70.660004	73.230003	68.827461	6222800
2014-10-17	74.400002	75.309998	72.720001	72.849998	68.470314	6391600
2014-10-20	73.050003	73.320000	71.760002	72.930000	68.781509	4547800
2014-10-21	73.610001	75.650002	73.540001	75.529999	71.233643	4278800
2014-10-22	75.480003	76.269997	73.820000	73.870003	69.668068	3857600
2014-10-23	74.809998	76.870003	74.629997	76.080002	71.752350	4556800
2014-10-24	75.839996	76.110001	74.589996	75.809998	71.497704	2237800
2014-10-27	74.519997	74.519997	72.470001	73.050003	68.894714	4162700
2014-10-28	73.570000	75.690002	72.900002	75.239998	70.960114	4255700
2014-10-29	75.959999	77.230003	75.690002	76.389999	72.044716	3288700
2014-10-30	75.349998	76.400002	74.589996	75.809998	71.497704	2754200
2014-10-31	75.889999	77.279999	74.589996	77.199997	72.808647	3613500
2014-11-03	78.019997	78.650002	76.160004	76.400002	72.054153	5192300
2014-11-04	75.419998	76.000000	73.580002	74.209999	69.988724	5463100
2014-11-05	75.660004	76.160004	74.269997	75.559998	71.261932	3964700
2014-11-06	73.980003	75.480003	72.739998	75.440002	71.148766	4763900
2014-11-07	75.800003	76.699997	75.160004	76.519997	72.167320	4094100
2014-11-10	77.169998	77.570000	74.559998	75.099998	70.828094	3840500
2014-11-11	75.389999	75.720001	74.110001	75.410004	71.120468	2557200
2014-11-12	74.989998	75.360001	73.650002	73.699997	69.507729	2730100
2014-11-13	73.300003	73.570000	70.940002	72.070000	67.970467	4141500
2014-11-14	72.309998	73.639999	71.550003	73.349998	69.177628	4153500
2014-11-17	73.000000	73.019997	71.589996	72.089996	67.989319	4765600
2014-11-18	71.790001	72.680000	71.209999	72.070000	67.970467	3275100
2014-11-19	72.400002	72.400002	71.410004	72.050003	67.951591	4645100
2014-11-20	72.239998	74.389999	71.919998	74.239998	70.017021	4667500
2014-11-21	75.800003	76.309998	74.730003	75.699997	71.393974	4970700
2014-11-24	75.449997	75.930000	74.440002	75.809998	71.497704	5173500
2014-11-25	76.000000	76.150002	73.199997	73.360001	69.187073	3868900
2014-11-26	73.089996	73.220001	71.949997	72.239998	68.130783	2976300
2014-11-28	68.339996	68.389999	63.730000	64.089996	60.444374	5685100
2014-12-01	63.410000	63.930000	62.000000	63.810001	60.180313	7309000
2014-12-02	62.639999	64.410004	62.639999	63.110001	59.520126	7966700
2014-12-03	63.590000	65.580002	63.119999	64.300003	60.642433	6206500
2014-12-04	63.360001	64.190002	62.779999	63.250000	59.652157	5596600
2014-12-05	62.490002	62.860001	60.119999	61.639999	58.133747	7447300
2014-12-08	60.860001	60.900002	57.299999	57.430000	54.163219	7954600
2014-12-09	57.099998	59.320000	56.660000	58.840000	55.493011	8808600
2014-12-10	57.419998	58.619999	56.799999	57.779999	54.493309	10394300
2014-12-11	57.570000	58.939999	56.860001	57.040001	53.795399	5949000
2014-12-12	56.099998	57.970001	55.799999	56.439999	53.229534	8017100
2014-12-15	57.009998	57.459999	55.080002	55.200001	52.060062	9217400
2014-12-16	54.340000	59.090000	54.340000	56.709999	53.484173	6710700
2014-12-17	57.139999	61.139999	56.980000	60.200001	56.775654	6590200
2014-12-18	62.320000	62.599998	59.560001	62.150002	58.614738	7964500
2014-12-19	62.880001	64.919998	62.230000	64.820000	61.132851	6796700
2014-12-22	63.689999	64.349998	62.639999	63.740002	60.114296	5468100
2014-12-23	64.400002	65.720001	64.120003	65.430000	61.708153	3659500
2014-12-24	64.620003	64.639999	62.900002	64.050003	60.406658	2009800
2014-12-26	64.629997	64.959999	63.520000	63.959999	60.321770	1682700
2014-12-29	64.459999	64.949997	63.250000	63.639999	60.019970	3403000
2014-12-30	63.310001	63.730000	62.380001	62.970001	59.388092	2521700
2014-12-31	62.330002	63.459999	61.349998	62.669998	59.105145	3145800
2015-01-02	62.180000	64.260002	61.509998	63.830002	60.199173	3364400
2015-01-05	62.169998	62.509998	59.599998	59.910000	56.502155	4813200
2015-01-06	59.740002	61.230000	58.730000	59.259998	55.889118	4549300
2015-01-07	60.310001	60.419998	57.910000	58.599998	55.266666	4612100
2015-01-08	59.389999	61.400002	58.709999	60.869999	57.407536	3655900
2015-01-09	61.330002	61.389999	59.810001	60.689999	57.237778	3584000
2015-01-12	59.599998	59.599998	57.770000	58.459999	55.134628	4840600
2015-01-13	58.630001	59.320000	57.900002	58.459999	55.134628	4045900
2015-01-14	57.459999	59.680000	57.439999	59.529999	56.143761	4503200
2015-01-15	61.020000	61.200001	59.560001	60.000000	56.587029	5434300
2015-01-16	60.599998	62.599998	60.310001	62.250000	58.709038	4769400
2015-01-20	61.000000	61.200001	59.169998	60.160000	56.966702	4361300
2015-01-21	60.880001	62.630001	60.270000	62.320000	59.012054	2716200
2015-01-22	62.689999	63.770000	61.410000	63.759998	60.375626	4532300
2015-01-23	63.439999	65.150002	62.810001	62.880001	59.542336	5465900
2015-01-26	63.439999	64.860001	62.410000	64.470001	61.047935	3501200
2015-01-27	64.000000	65.320000	63.410000	64.589996	61.161564	3329300
2015-01-28	64.040001	64.040001	60.930000	61.119999	57.875748	5693400
2015-01-29	61.720001	61.990002	59.730000	61.230000	57.979916	4088100
2015-01-30	60.299999	63.070000	59.860001	62.570000	59.248787	5588200
2015-02-02	64.029999	66.230003	63.680000	66.230003	62.714523	4331900
2015-02-03	67.389999	68.430000	67.050003	68.059998	64.447372	5681000
2015-02-04	66.680000	68.239998	66.010002	67.309998	63.737183	6044700
2015-02-05	68.010002	69.070000	67.589996	68.370003	64.740921	3797900
2015-02-06	68.629997	68.820000	67.360001	68.330002	64.703041	5000200
2015-02-09	68.699997	69.019997	67.180000	67.220001	63.651970	4410100
2015-02-10	66.900002	66.900002	64.029999	66.250000	62.733448	7653300
2015-02-11	64.750000	65.010002	63.200001	64.750000	61.313068	6323500
2015-02-12	65.980003	67.570000	63.820000	64.580002	61.152092	7348200
2015-02-13	65.860001	67.089996	65.160004	67.050003	63.490990	5850600
2015-02-17	66.500000	66.839996	65.500000	66.790001	63.244789	4554900
2015-02-18	65.800003	67.230003	65.430000	65.750000	62.259998	6836800
2015-02-19	63.529999	66.790001	63.230000	66.629997	63.093277	5818000
2015-02-20	66.680000	67.250000	65.809998	66.220001	62.705055	4509000
2015-02-23	65.269997	66.440002	64.839996	66.220001	62.705055	4102500
2015-02-24	66.910004	67.419998	66.400002	66.910004	63.358421	2785900
2015-02-25	67.050003	68.000000	66.480003	67.830002	64.229591	2746200
2015-02-26	67.190002	67.190002	65.269997	65.739998	62.250515	3952900
2015-02-27	66.000000	66.309998	65.419998	65.839996	62.345211	4080000
2015-03-02	65.459999	65.860001	64.540001	65.790001	62.297871	3882700
2015-03-03	66.099998	67.300003	65.889999	66.720001	63.178497	3388200
2015-03-04	66.540001	66.779999	65.500000	66.529999	62.998596	2985200
2015-03-05	66.660004	66.660004	65.150002	65.430000	61.956974	3790500
2015-03-06	64.709999	65.449997	62.689999	63.130001	59.779057	6164700
2015-03-09	63.029999	63.209999	61.400002	61.410000	58.150364	3258700
2015-03-10	60.520000	61.270000	60.150002	60.150002	56.957237	3288000
2015-03-11	60.189999	61.459999	59.830002	61.160000	57.913628	3452500
2015-03-12	61.529999	61.549999	60.070000	60.169998	56.976170	3322300
2015-03-13	59.459999	59.520000	58.200001	59.360001	56.209175	3565500
2015-03-16	58.750000	67.000000	57.570000	59.830002	56.654228	3817700
2015-03-17	59.520000	59.759998	58.650002	59.090000	55.953503	2409300
2015-03-18	58.650002	61.930000	58.180000	61.500000	58.235580	3217300
2015-03-19	60.099998	60.630001	59.380001	59.880001	56.701569	2816200
2015-03-20	60.160000	61.200001	59.549999	59.549999	56.389084	6723800
2015-03-23	59.570000	60.439999	58.669998	58.680000	55.565266	3302000
2015-03-24	58.910000	59.250000	58.209999	59.029999	55.896690	3564600
2015-03-25	59.639999	60.259998	58.880001	59.830002	56.654228	3069100
2015-03-26	60.980000	61.400002	59.580002	59.810001	56.635281	3517100
2015-03-27	59.299999	60.049999	58.880001	59.410000	56.256519	3373800
2015-03-30	60.299999	61.180000	59.970001	60.830002	57.601147	3159900
2015-03-31	59.860001	60.820000	59.750000	60.330002	57.127686	2740800
2015-04-01	60.930000	61.610001	60.540001	60.630001	57.411766	2448600
2015-04-02	60.230000	61.590000	60.139999	61.439999	58.178764	2275900
2015-04-06	61.849998	65.000000	61.599998	64.839996	61.398285	4577500
2015-04-07	64.760002	66.580002	64.349998	65.440002	61.966457	4024600
2015-04-08	65.980003	66.589996	64.860001	65.250000	61.786533	4311200
2015-04-09	65.470001	67.000000	65.410004	66.470001	62.941780	3848900
2015-04-10	66.800003	68.169998	66.610001	67.839996	64.239059	3526000
2015-04-13	68.029999	68.279999	67.019997	67.510002	63.926567	3271100
2015-04-14	68.000000	69.949997	67.980003	69.809998	66.104485	3327800
2015-04-15	70.089996	71.870003	70.000000	71.400002	67.610092	4533400
2015-04-16	70.860001	71.769997	70.330002	70.809998	67.051414	3321300
2015-04-17	70.220001	70.820000	69.690002	70.379997	66.644218	2799900
2015-04-20	70.400002	71.580002	70.260002	70.669998	67.157379	2363900
2015-04-21	70.669998	70.800003	68.220001	68.370003	64.971718	2401600
2015-04-22	68.830002	69.000000	67.089996	67.800003	64.430054	3090900
2015-04-23	68.129997	69.239998	68.050003	68.349998	64.952713	2252800
2015-04-24	67.889999	68.000000	65.820000	66.320000	63.023613	2972100
2015-04-27	66.949997	67.320000	66.449997	66.720001	63.403725	2544700
2015-04-28	66.690002	67.300003	66.209999	66.790001	63.470245	2272900
2015-04-29	66.730003	68.800003	66.629997	68.559998	65.152260	5288000
2015-04-30	68.910004	69.239998	67.250000	68.400002	65.000214	2921300
2015-05-01	68.440002	68.879997	67.120003	68.480003	65.076248	2764800
2015-05-04	68.500000	69.169998	67.870003	68.550003	65.142776	3206400
2015-05-05	69.260002	70.139999	67.480003	67.940002	64.563087	6024900
2015-05-06	68.400002	69.129997	66.860001	67.339996	63.992897	4411600
2015-05-07	66.199997	66.220001	64.150002	65.080002	61.845242	4798600
2015-05-08	65.739998	65.860001	64.070000	65.540001	62.282372	3391100
2015-05-11	65.449997	65.449997	63.119999	63.130001	59.992157	4614800
2015-05-12	63.490002	64.110001	63.259998	63.639999	60.476810	3657500
2015-05-13	64.180000	64.290001	62.259998	62.700001	59.583534	3599400
2015-05-14	62.930000	63.549999	62.419998	62.630001	59.517014	2777700
2015-05-15	62.340000	63.910000	62.099998	63.419998	60.267746	3334400
2015-05-18	63.279999	63.900002	62.900002	63.779999	60.609856	2244700
2015-05-19	63.080002	63.320000	62.029999	62.169998	59.079868	2475100
2015-05-20	62.450001	62.500000	61.200001	61.610001	58.547710	2678100
2015-05-21	62.080002	62.619999	61.610001	62.169998	59.079868	2890500
2015-05-22	61.610001	62.980000	61.500000	62.529999	59.421986	2537300
2015-05-26	61.630001	61.930000	60.820000	61.410000	58.357651	2742300
2015-05-27	61.290001	61.849998	59.779999	60.770000	57.749466	3257600
2015-05-28	60.529999	60.709999	58.830002	59.790001	56.818169	4110800
2015-05-29	60.200001	60.549999	59.700001	59.840000	56.865688	4037200
2015-06-01	59.889999	60.029999	58.680000	58.869999	55.943901	4232600
2015-06-02	59.500000	59.910000	58.669998	59.599998	56.637615	3724000
2015-06-03	59.349998	60.009998	58.820000	58.950001	56.019928	2292600
2015-06-04	58.560001	58.750000	58.009998	58.250000	55.354713	3108700
2015-06-05	57.919998	59.669998	57.830002	59.349998	56.400040	3539700
2015-06-08	59.009998	59.400002	57.730000	58.209999	55.316704	2724800
2015-06-09	58.950001	59.400002	58.560001	58.570000	55.658810	3578200
2015-06-10	59.509998	59.610001	58.590000	58.959999	56.029430	3907100
2015-06-11	58.910000	59.130001	57.720001	58.150002	55.259686	2996900
2015-06-12	57.799999	58.270000	57.490002	58.180000	55.288200	3502000
2015-06-15	57.560001	59.029999	57.410000	57.970001	55.088646	2773800
2015-06-16	57.779999	59.090000	57.700001	59.049999	56.114956	2198300
2015-06-17	59.669998	60.130001	57.500000	57.669998	54.803547	3356400
2015-06-18	58.029999	58.400002	57.130001	57.230000	54.385410	2297300
2015-06-19	57.070000	57.439999	56.060001	56.540001	53.729717	4779200
2015-06-22	56.750000	57.630001	56.200001	57.529999	54.670506	3742800
2015-06-23	57.709999	58.930000	57.500000	58.849998	55.924896	3594300
2015-06-24	58.900002	59.400002	58.500000	58.709999	55.791851	2996600
2015-06-25	58.779999	59.000000	57.610001	57.799999	54.927086	2640700
2015-06-26	57.830002	58.529999	57.240002	58.480000	55.573292	3806900
2015-06-29	57.430000	57.970001	56.900002	57.209999	54.366409	3474200
2015-06-30	57.790001	57.959999	57.150002	57.630001	54.765537	2885600
2015-07-01	57.639999	58.849998	55.820000	56.080002	53.292583	3080500
2015-07-02	56.200001	56.990002	56.110001	56.779999	53.957783	2303100
2015-07-06	55.660000	56.689999	55.150002	55.500000	52.741405	2878600
2015-07-07	55.160000	55.990002	53.750000	55.700001	52.931465	3716200
2015-07-08	55.160000	55.939999	53.110001	53.459999	50.802803	2863900
2015-07-09	54.599998	54.970001	53.820000	53.830002	51.154415	2464600
2015-07-10	54.220001	54.740002	52.790001	52.939999	50.308647	3178700
2015-07-13	52.900002	53.439999	52.500000	53.259998	50.612740	2953400
2015-07-14	53.000000	54.529999	52.820000	54.389999	51.686577	3263100
2015-07-15	54.119999	54.349998	53.119999	53.480000	50.821808	3972400
2015-07-16	53.849998	53.900002	52.520000	52.669998	50.052067	2780900
2015-07-17	52.250000	52.250000	50.570000	50.639999	48.122971	4859200
2015-07-20	50.299999	50.540001	48.500000	48.619999	46.432598	5746700
2015-07-21	48.900002	49.439999	47.369999	47.529999	45.391644	5201800
2015-07-22	47.320000	47.700001	46.619999	47.320000	45.191086	4780900
2015-07-23	47.340000	47.500000	46.320000	47.349998	45.219738	4511100
2015-07-24	47.200001	47.250000	45.029999	45.080002	43.051865	4703400
2015-07-27	44.279999	45.290001	43.840000	44.509998	42.507504	5824100
2015-07-28	44.799999	47.070000	44.290001	46.470001	44.379330	7655300
2015-07-29	46.340000	47.590000	46.070000	46.790001	44.684937	6760600
2015-07-30	46.580002	47.180000	45.959999	46.480000	44.388882	4823200
2015-07-31	46.470001	46.639999	45.700001	45.860001	43.796772	5070100
2015-08-03	45.049999	46.419998	44.299999	45.270000	43.233318	6496800
2015-08-04	45.919998	46.230000	45.009998	45.349998	43.309715	5332600
2015-08-05	46.020000	46.799999	44.340000	44.439999	42.440659	5789800
2015-08-06	44.389999	46.900002	43.040001	46.599998	44.503483	6176500
2015-08-07	46.139999	47.310001	45.549999	46.110001	44.035522	6478300
2015-08-10	46.599998	48.540001	46.330002	48.450001	46.270248	10337000
2015-08-11	46.990002	47.930000	46.450001	47.689999	45.544437	6133600
2015-08-12	47.639999	49.680000	47.220001	49.209999	46.996059	6701800
2015-08-13	48.910000	49.660000	47.799999	47.900002	45.744991	6749200
2015-08-14	47.950001	48.689999	46.900002	47.000000	44.885483	5017500
2015-08-17	46.810001	47.930000	46.320000	47.849998	45.697243	2992600
2015-08-18	47.650002	48.430000	47.340000	48.070000	45.907345	2287100
2015-08-19	47.599998	47.779999	45.400002	45.810001	43.749023	4215200
2015-08-20	45.930000	46.490002	44.509998	44.560001	42.555260	5395500
2015-08-21	44.410000	45.209999	43.139999	43.230000	41.285095	5285700
2015-08-24	40.669998	42.439999	39.049999	40.490002	38.668377	7347900
2015-08-25	42.310001	42.310001	38.900002	38.900002	37.149902	6042700
2015-08-26	40.209999	40.209999	38.400002	39.529999	37.751560	8056400
2015-08-27	40.680000	43.669998	40.439999	42.790001	40.864887	7333200
2015-08-28	42.669998	45.400002	42.490002	44.860001	42.841763	6493800
2015-08-31	44.090000	45.669998	41.919998	45.240002	43.204659	6928400
2015-09-01	43.410000	44.689999	42.549999	43.130001	41.189598	5590800
2015-09-02	43.630001	43.860001	41.209999	43.220001	41.275555	5301200
2015-09-03	43.369999	45.110001	42.720001	43.220001	41.275555	4587800
2015-09-04	42.410000	42.799999	41.770000	42.500000	40.587936	5170700
2015-09-08	43.110001	43.799999	42.090000	43.240002	41.294651	4808300
2015-09-09	43.720001	44.540001	41.189999	41.290001	39.432377	6134300
2015-09-10	41.500000	41.560001	40.150002	40.840000	39.002621	7537000
2015-09-11	40.279999	40.310001	39.279999	40.200001	38.391411	6136700
2015-09-14	40.099998	40.520000	39.130001	40.240002	38.429619	5373200
2015-09-15	40.290001	41.139999	40.189999	40.430000	38.611061	5185800
2015-09-16	40.790001	43.169998	40.750000	43.040001	41.103642	9020400
2015-09-17	43.070000	43.779999	41.889999	41.990002	40.100887	7923700
2015-09-18	41.099998	41.380001	39.369999	39.650002	37.866161	9030800
2015-09-21	40.020000	40.230000	39.209999	39.340000	37.570107	4781100
2015-09-22	38.570000	39.669998	38.369999	38.630001	36.892048	5786700
2015-09-23	38.740002	38.910000	37.099998	37.270000	35.593235	4393100
2015-09-24	37.029999	38.410000	36.540001	37.880001	36.175789	5795200
2015-09-25	38.279999	38.619999	37.630001	38.200001	36.481392	4233300
2015-09-28	37.630001	37.730000	36.160000	36.200001	34.571373	5752900
2015-09-29	36.619999	37.160000	35.790001	37.119999	35.449982	5517200
2015-09-30	37.470001	39.290001	37.340000	39.160000	37.398205	6988700
2015-10-01	39.919998	41.020000	39.310001	39.720001	37.933010	7269000
2015-10-02	39.189999	42.810001	39.099998	42.610001	40.692993	5926300
2015-10-05	43.099998	44.400002	42.830002	43.980000	42.001354	4899700
2015-10-06	44.090000	46.310001	43.959999	46.119999	44.045071	6342200
2015-10-07	46.759998	47.980000	44.450001	45.930000	43.863625	6081400
2015-10-08	45.849998	47.630001	45.669998	47.150002	45.028732	5337000
2015-10-09	47.459999	47.599998	45.970001	46.470001	44.379330	4187700
2015-10-12	46.560001	46.560001	44.340000	44.950001	42.927719	4507300
2015-10-13	44.419998	45.139999	43.619999	44.590000	42.583912	5280300
2015-10-14	44.509998	45.959999	44.189999	45.689999	43.634418	3691100
2015-10-15	45.459999	46.849998	45.230000	46.750000	44.646732	4257300
2015-10-16	46.970001	47.099998	45.910000	46.520000	44.427078	3787600
2015-10-19	45.820000	45.880001	45.009998	45.330002	43.290619	4832500
2015-10-20	45.070000	46.189999	44.820000	45.919998	44.097275	2850800
2015-10-21	45.700001	46.070000	44.980000	45.080002	43.290619	4119000
2015-10-22	45.410000	46.340000	44.910000	45.970001	44.145290	3550900
2015-10-23	45.529999	46.790001	45.099998	46.490002	44.644650	3528500
2015-10-26	46.349998	46.450001	45.189999	45.380001	43.578709	3546100
2015-10-27	44.410000	44.410000	42.639999	44.139999	42.387928	6237900
2015-10-28	44.220001	46.619999	43.759998	46.049999	44.222111	3983300
2015-10-29	45.709999	47.450001	45.580002	46.580002	44.731079	3622300
2015-10-30	46.849998	47.799999	46.220001	47.130001	45.259247	4505400
2015-11-02	46.740002	48.139999	46.549999	47.939999	46.037090	4280000
2015-11-03	48.369999	50.200001	48.270000	49.869999	47.890484	5676600
2015-11-04	50.070000	50.660000	48.660000	49.389999	47.429535	6182700
2015-11-05	48.330002	50.939999	48.070000	49.270000	47.314297	5202300
2015-11-06	48.889999	49.330002	46.889999	47.669998	45.777809	5005200
2015-11-09	53.500000	55.020000	52.040001	53.939999	51.798935	15139900
2015-11-10	53.779999	56.310001	51.869999	53.310001	51.193947	10634900
2015-11-11	50.000000	51.790001	48.830002	49.400002	47.439140	7809000
2015-11-12	48.310001	50.060001	47.299999	48.900002	46.958992	6250100
2015-11-13	48.810001	49.849998	47.970001	48.970001	47.026215	4233300
2015-11-16	49.099998	50.500000	48.279999	50.490002	48.485874	3795000
2015-11-17	50.220001	50.810001	49.270000	49.709999	47.736839	3413500
2015-11-18	50.500000	51.110001	48.680000	50.099998	48.111351	3659400
2015-11-19	49.650002	50.000000	48.490002	49.540001	47.573589	2994500
2015-11-20	49.639999	50.000000	48.810001	49.099998	47.151047	2518500
2015-11-23	48.849998	49.570000	48.380001	48.849998	46.910969	3041600
2015-11-24	49.150002	51.439999	49.080002	50.910000	48.889202	4687400
2015-11-25	50.419998	50.939999	49.900002	50.349998	48.351433	2455800
2015-11-27	49.700001	50.189999	49.209999	49.419998	47.458344	1317300
2015-11-30	49.759998	49.990002	48.849998	49.180000	47.227875	3373900
2015-12-01	49.340000	49.730000	48.630001	49.150002	47.199066	2597300
2015-12-02	48.770000	49.279999	47.009998	47.320000	45.441704	3538300
2015-12-03	47.740002	48.099998	45.560001	45.759998	43.943623	5003100
2015-12-04	44.959999	46.040001	43.740002	45.790001	43.972435	4252800
2015-12-07	44.730000	45.090000	43.599998	44.220001	42.464760	7114000
2015-12-08	43.419998	45.320000	42.919998	44.869999	43.088951	5535500
2015-12-09	45.020000	45.990002	44.520000	44.950001	43.165775	4485200
2015-12-10	44.590000	46.540001	44.389999	46.189999	44.356560	4579400
2015-12-11	45.250000	45.509998	42.680000	42.919998	41.216354	6171300
2015-12-14	42.500000	44.180000	41.599998	43.490002	41.763729	5433600
2015-12-15	43.759998	45.369999	43.759998	45.270000	43.473080	5154500
2015-12-16	44.910000	45.439999	44.250000	44.799999	43.021729	5097800
2015-12-17	44.700001	45.180000	42.700001	42.950001	41.245163	8073500
2015-12-18	42.799999	43.799999	42.560001	42.689999	40.995491	5981100
2015-12-21	42.669998	43.070000	41.980000	42.529999	40.841831	4425600
2015-12-22	42.910000	43.540001	42.349998	42.779999	41.081913	5715000
2015-12-23	43.869999	45.810001	43.520000	45.709999	43.895611	4673000
2015-12-24	46.060001	46.560001	45.160000	45.799999	43.982040	1607600
2015-12-28	44.709999	45.299999	44.389999	44.919998	43.136963	3587900
2015-12-29	45.910000	46.340000	45.040001	45.450001	43.645927	2969200
2015-12-30	44.590000	45.639999	44.560001	44.810001	43.031334	3942600
2015-12-31	44.500000	45.090000	44.389999	44.470001	42.704834	2975600
2016-01-04	44.250000	45.110001	43.750000	44.430000	42.666420	4746800
2016-01-05	43.500000	44.029999	42.139999	43.529999	41.802143	5435300
2016-01-06	42.099998	42.119999	38.450001	38.529999	37.000614	7076700
2016-01-07	37.369999	38.630001	36.230000	36.549999	35.099197	7105900
2016-01-08	36.860001	37.590000	35.070000	36.650002	35.195232	10451900
2016-01-11	36.669998	36.860001	34.369999	35.060001	33.668343	8339500
2016-01-12	35.549999	35.689999	34.189999	35.419998	34.014050	9004500
2016-01-13	35.939999	37.220001	35.360001	35.599998	34.186909	8597000
2016-01-14	35.880001	37.639999	35.259998	37.029999	35.560146	6544400
2016-01-15	35.240002	35.910000	33.560001	35.330002	33.927635	10127400
2016-01-19	35.500000	35.689999	33.799999	34.480000	33.111366	8317500
2016-01-20	33.270000	35.349998	32.200001	34.610001	33.478951	8741800
2016-01-21	34.330002	37.590000	34.119999	37.240002	36.023003	7468000
2016-01-22	38.990002	40.060001	37.639999	39.380001	38.093063	7053600
2016-01-25	38.360001	40.639999	37.380001	37.430000	36.206795	5861400
2016-01-26	38.349998	38.810001	37.080002	38.029999	36.787186	7568000
2016-01-27	37.669998	40.259998	37.400002	38.630001	37.367577	5722700
2016-01-28	40.759998	40.980000	38.980000	40.599998	39.273193	4289500
2016-01-29	40.980000	42.540001	40.919998	42.540001	41.149799	5464400
2016-02-01	41.270000	41.750000	40.240002	40.820000	39.486008	5037400
2016-02-02	39.500000	40.070000	38.450001	38.549999	37.290188	6275000
2016-02-03	39.730000	41.299999	37.759998	41.240002	39.892284	5386100
2016-02-04	42.060001	43.799999	40.490002	40.740002	39.408630	7508300
2016-02-05	40.299999	40.310001	38.459999	39.049999	37.773853	6399300
2016-02-08	38.200001	38.360001	36.869999	37.580002	36.351894	6316300
2016-02-09	36.529999	37.130001	34.290001	35.580002	34.417255	7470000
2016-02-10	35.410000	36.330002	35.009998	35.330002	34.175419	5325100
2016-02-11	34.349998	35.040001	33.230000	34.380001	33.256466	5881100
2016-02-12	34.970001	36.939999	34.660000	36.529999	35.336201	5812300
2016-02-16	37.189999	37.880001	36.639999	37.470001	36.245491	4274300
2016-02-17	38.220001	40.340000	37.910000	40.060001	38.750847	5128700
2016-02-18	40.770000	40.889999	37.919998	38.799999	37.532021	6684200
2016-02-19	37.900002	37.970001	36.270000	37.330002	36.110058	5614400
2016-02-22	38.340000	39.750000	38.340000	39.610001	38.315556	4702700
2016-02-23	38.889999	39.779999	37.860001	37.880001	36.642086	5480500
2016-02-24	36.950001	38.720001	36.209999	38.599998	37.338558	7818000
2016-02-25	37.930000	38.930000	36.090000	37.790001	36.555027	7964200
2016-02-26	39.090000	40.480000	38.400002	39.470001	38.180122	5546300
2016-02-29	39.490002	39.500000	37.689999	38.279999	37.029015	5330300
2016-03-01	38.470001	38.680000	36.259998	38.619999	37.357903	5884700
2016-03-02	38.330002	42.009998	38.160000	41.970001	40.598427	6606500
2016-03-03	41.750000	45.599998	41.750000	45.090000	43.616459	10028700
2016-03-04	45.630001	48.939999	45.160000	48.040001	46.470058	8779100
2016-03-07	48.029999	51.110001	47.619999	51.020000	49.352669	10459600
2016-03-08	50.320000	50.419998	46.119999	46.169998	44.661171	8107600
2016-03-09	47.250000	47.689999	45.009998	46.230000	44.719204	6639800
2016-03-10	45.900002	46.650002	44.750000	46.250000	44.738552	5155800
2016-03-11	47.380001	49.040001	47.369999	48.970001	47.369671	6188200
2016-03-14	47.720001	48.900002	47.430000	48.189999	46.615154	4751900
2016-03-15	47.029999	48.020000	46.830002	47.930000	46.363651	5146800
2016-03-16	48.509998	49.980000	48.110001	49.250000	47.640522	5663700
2016-03-17	49.950001	51.020000	49.480000	50.470001	48.820648	4978500
2016-03-18	51.270000	51.810001	48.529999	49.630001	48.008095	7009600
2016-03-21	49.139999	50.750000	48.740002	49.880001	48.249931	3401800
2016-03-22	49.060001	51.320000	49.020000	50.270000	48.627182	3916500
2016-03-23	49.279999	49.730000	47.650002	47.860001	46.295940	5682500
2016-03-24	47.009998	48.860001	46.590000	48.849998	47.253590	4460600
2016-03-28	48.980000	49.080002	47.599998	48.410000	46.827969	3257300
2016-03-29	47.480000	48.630001	47.049999	48.560001	46.973068	3124000
2016-03-30	49.250000	49.509998	48.070000	48.639999	47.050453	3004400
2016-03-31	48.349998	49.180000	48.020000	48.810001	47.214897	3922700
2016-04-01	47.459999	48.630001	47.090000	47.500000	45.947708	5578600
2016-04-04	47.540001	48.290001	46.619999	46.820000	45.289932	2956500
2016-04-05	46.400002	48.180000	46.150002	47.330002	45.783264	2575400
2016-04-06	47.810001	49.900002	47.310001	49.759998	48.133850	3648800
2016-04-07	49.209999	50.009998	48.349998	49.189999	47.582478	2617000
2016-04-08	50.750000	51.639999	50.180000	50.660000	49.004436	4125500
2016-04-11	51.180000	51.660000	49.919998	49.950001	48.317642	3240300
2016-04-12	50.590000	53.689999	50.139999	53.290001	51.548489	5132000
2016-04-13	53.099998	53.110001	51.520000	52.459999	50.745617	3769300
2016-04-14	52.840000	53.450001	52.349998	52.970001	51.238949	1951000
2016-04-15	52.310001	52.639999	51.540001	52.049999	50.349010	2999000
2016-04-18	50.270000	53.869999	50.070000	53.439999	51.693588	3279700
2016-04-19	53.980000	55.500000	53.209999	55.020000	53.221954	4722700
2016-04-20	54.480000	55.439999	53.580002	54.680000	53.134495	3667100
2016-04-21	54.939999	55.619999	54.330002	54.779999	53.231663	3578700
2016-04-22	55.270000	56.660000	55.160000	56.200001	54.611538	2865100
2016-04-25	55.660000	55.980000	53.990002	54.410000	52.872124	3504800
2016-04-26	54.889999	56.009998	53.930000	55.880001	54.300579	3453700
2016-04-27	56.430000	58.060001	56.310001	57.540001	55.913658	4883800
2016-04-28	56.880001	57.630001	55.279999	55.430000	53.863293	2948400
2016-04-29	55.889999	56.270000	53.290001	54.400002	52.862415	4700100
2016-05-02	54.610001	54.970001	53.169998	54.240002	52.706936	4649900
2016-05-03	53.049999	53.820000	51.410000	52.130001	50.656574	5260000
2016-05-04	52.250000	52.730000	50.080002	50.730000	49.296143	4480400
2016-05-05	51.910000	55.000000	51.520000	54.820000	53.270538	6807800
2016-05-06	53.950001	55.570000	53.590000	53.840000	52.318237	6562100
2016-05-09	53.450001	53.450001	51.689999	52.119999	50.646854	4544500
2016-05-10	52.610001	53.340000	52.060001	53.090000	51.589439	4839700
2016-05-11	53.080002	54.820000	51.790001	54.009998	52.483429	5906700
2016-05-12	54.970001	55.599998	54.240002	54.299999	52.765240	5065300
2016-05-13	53.580002	54.490002	52.470001	53.020000	51.521416	2973900
2016-05-16	54.380001	55.599998	54.380001	54.799999	53.251106	4038100
2016-05-17	54.860001	55.810001	54.119999	55.119999	53.562057	4075700
2016-05-18	57.680000	58.209999	55.209999	56.610001	55.009949	12947400
2016-05-19	55.820000	57.209999	54.270000	56.980000	55.369488	6359500
2016-05-20	57.169998	57.610001	56.270000	57.110001	55.495819	3241400
2016-05-23	56.759998	57.840000	56.439999	57.599998	55.971962	3097200
2016-05-24	58.139999	59.130001	57.070000	58.250000	56.603592	4384700
2016-05-25	58.810001	59.590000	57.860001	57.910000	56.273201	3146400
2016-05-26	58.490002	58.820000	57.450001	58.029999	56.389809	2382500
2016-05-27	57.660000	58.369999	57.000000	58.290001	56.642460	2516600
2016-05-31	58.259998	59.250000	57.029999	57.139999	55.524967	4071000
2016-06-01	56.490002	56.860001	55.180000	56.169998	54.582378	3818400
2016-06-02	55.509998	56.009998	54.860001	55.840000	54.261711	2671900
2016-06-03	55.919998	56.340000	54.169998	54.580002	53.037323	2866300
2016-06-06	55.470001	55.840000	54.869999	55.619999	54.047924	2460100
2016-06-07	56.220001	58.439999	56.130001	58.209999	56.564720	4089200
2016-06-08	59.000000	59.020000	56.689999	57.000000	55.388920	3499000
2016-06-09	56.220001	56.959999	55.650002	55.830002	54.251995	3068900
2016-06-10	55.160000	55.590000	53.029999	53.520000	52.007286	3236900
2016-06-13	53.029999	54.549999	52.529999	53.840000	52.318237	3042500
2016-06-14	53.689999	55.369999	53.470001	54.759998	53.212231	3349300
2016-06-15	54.310001	55.410000	53.770000	54.529999	52.988739	2548700
2016-06-16	53.619999	53.619999	51.910000	53.000000	51.501976	3027900
2016-06-17	53.770000	54.470001	53.540001	53.869999	52.347389	3163300
2016-06-20	54.990002	55.619999	54.450001	55.320000	53.756409	2246000
2016-06-21	54.820000	57.000000	54.270000	56.630001	55.029377	2897000
2016-06-22	56.619999	56.849998	55.750000	56.430000	54.835033	2806700
2016-06-23	57.139999	58.180000	56.540001	58.160000	56.516140	3879800
2016-06-24	55.500000	56.919998	54.799999	54.860001	53.309406	6229100
2016-06-27	53.880001	54.160000	51.380001	52.000000	50.530243	4043300
2016-06-28	53.419998	54.200001	52.950001	54.180000	52.648628	2438300
2016-06-29	54.759998	56.230000	54.599998	55.810001	54.232563	2701700
2016-06-30	55.820000	56.080002	55.090000	55.669998	54.096512	3052700
2016-07-01	55.759998	57.380001	55.400002	56.669998	55.068249	2583600
2016-07-05	55.410000	56.130001	53.720001	54.669998	53.124775	2374900
2016-07-06	54.389999	55.470001	54.180000	55.299999	53.736973	2420500
2016-07-07	55.970001	56.669998	54.450001	54.900002	53.348282	2295400
2016-07-08	55.700001	55.990002	54.680000	55.169998	53.610645	2592300
2016-07-11	55.540001	56.250000	55.040001	55.110001	53.552345	2023500
2016-07-12	56.400002	58.340000	56.200001	57.540001	55.913658	2963400
2016-07-13	57.540001	57.830002	56.040001	56.540001	54.941925	2718000
2016-07-14	57.360001	57.730000	56.799999	56.880001	55.272316	1950700
2016-07-15	57.459999	57.639999	56.700001	57.119999	55.505535	2633000
2016-07-18	56.910000	57.070000	56.080002	56.330002	54.737862	2407000
2016-07-19	56.110001	56.279999	54.910000	55.110001	53.552345	2228600
2016-07-20	54.349998	55.060001	53.410000	54.599998	53.298538	2134900
2016-07-21	54.750000	55.930000	53.270000	53.400002	52.127144	2785000
2016-07-22	53.900002	54.250000	53.169998	53.650002	52.371185	2215500
2016-07-25	53.040001	53.250000	51.650002	51.970001	50.731228	2741700
2016-07-26	51.689999	52.869999	51.580002	52.750000	51.492634	1828500
2016-07-27	52.820000	53.889999	51.369999	51.759998	50.526234	2275100
2016-07-28	51.720001	52.490002	51.540001	51.840000	50.604332	1918700
2016-07-29	51.150002	52.740002	51.000000	52.500000	51.248596	2493600
2016-08-01	51.820000	52.000000	49.619999	49.869999	48.681286	3433300
2016-08-02	50.500000	50.830002	48.820000	49.939999	48.749615	2556000
2016-08-03	50.150002	51.869999	49.400002	51.730000	50.496952	4234200
2016-08-04	51.180000	52.900002	49.939999	50.180000	48.983894	5216300
2016-08-05	49.900002	50.060001	48.049999	49.639999	48.456768	5645700
2016-08-08	50.150002	51.750000	50.070000	50.669998	49.462215	4476900
2016-08-09	50.660000	50.840000	49.820000	50.230000	49.032707	3316500
2016-08-10	50.400002	50.790001	48.709999	48.779999	47.617264	3211800
2016-08-11	49.340000	50.279999	48.939999	49.590000	48.407963	3047500
2016-08-12	49.700001	50.150002	48.900002	49.009998	47.841782	2791200
2016-08-15	49.369999	50.070000	49.090000	49.880001	48.691048	2948700
2016-08-16	49.669998	51.340000	48.869999	50.970001	49.755070	3756900
2016-08-17	50.810001	51.939999	50.450001	51.630001	50.399338	3073000
2016-08-18	51.990002	53.750000	51.770000	53.599998	52.322376	3315000
2016-08-19	53.389999	53.700001	52.970001	53.490002	52.215000	2046400
2016-08-22	52.580002	53.299999	52.320000	53.150002	51.883106	1926500
2016-08-23	53.070000	53.480000	52.509998	53.389999	52.117382	2715300
2016-08-24	52.970001	53.330002	52.599998	52.740002	51.482880	1730200
2016-08-25	52.580002	53.040001	51.959999	52.509998	51.258358	1704600
2016-08-26	52.790001	53.180000	52.000000	52.349998	51.102173	1846000
2016-08-29	52.049999	53.150002	51.849998	52.830002	51.570736	1340100
2016-08-30	53.099998	53.830002	52.150002	52.430000	51.180267	1560000
2016-08-31	51.889999	52.020000	49.639999	49.700001	48.515343	4318600
2016-09-01	49.349998	49.860001	48.529999	49.790001	48.603191	3731000
2016-09-02	50.340000	51.540001	50.320000	51.290001	50.067440	2479300
2016-09-06	51.380001	52.000000	50.730000	51.669998	50.438381	2223800
2016-09-07	56.970001	58.990002	54.779999	55.130001	53.815907	14583600
2016-09-08	56.560001	59.330002	56.000000	59.049999	57.642467	10844700
2016-09-09	58.490002	59.779999	58.340000	59.400002	57.984127	9468800
2016-09-12	59.080002	60.189999	58.299999	59.900002	58.472214	6267900
2016-09-13	58.599998	59.599998	57.200001	57.509998	56.139172	7544600
2016-09-14	57.110001	58.810001	56.560001	56.750000	55.397289	5045300
2016-09-15	57.209999	58.740002	56.900002	58.700001	57.300812	4947800
2016-09-16	57.730000	58.860001	57.560001	58.560001	57.164150	5098000
2016-09-19	59.090000	59.250000	57.759998	57.849998	56.471073	3257600
2016-09-20	57.580002	58.459999	57.330002	57.490002	56.119656	3003100
2016-09-21	58.209999	60.939999	58.090000	60.889999	59.438614	7520900
2016-09-22	61.570000	62.189999	60.779999	61.000000	59.545990	7239800
2016-09-23	60.169998	61.439999	59.160000	60.020000	58.589348	6190900
2016-09-26	61.110001	61.209999	59.849998	59.939999	58.511250	3945900
2016-09-27	59.020000	59.880001	58.110001	59.590000	58.169601	4282400
2016-09-28	60.070000	64.059998	59.529999	63.700001	62.181633	8111000
2016-09-29	63.320000	66.000000	62.930000	63.740002	62.220676	7894800
2016-09-30	64.330002	65.089996	63.750000	63.869999	62.347580	5292500
2016-10-03	63.730000	64.639999	62.889999	63.950001	62.425671	2900000
2016-10-04	64.160004	65.809998	63.029999	63.790001	62.269489	6327000
2016-10-05	64.959999	65.709999	64.360001	64.650002	63.108990	3451200
2016-10-06	64.849998	65.169998	63.709999	64.089996	62.562328	3369500
2016-10-07	64.250000	64.599998	62.770000	63.330002	61.820454	3922800
2016-10-10	63.980000	65.000000	63.709999	64.160004	62.630672	2343900
2016-10-11	63.900002	64.180000	62.419998	62.869999	61.371414	2971400
2016-10-12	62.709999	63.169998	61.830002	62.709999	61.215229	3325800
2016-10-13	62.000000	62.730000	60.509998	62.070000	60.590481	4738700
2016-10-14	62.619999	62.779999	61.619999	61.770000	60.297634	3580300
2016-10-17	61.639999	62.200001	60.630001	61.849998	60.375732	3512000
2016-10-18	62.439999	63.689999	62.419998	62.830002	61.332371	4120000
2016-10-19	63.500000	64.910004	63.000000	64.320000	63.037670	3624700
2016-10-20	63.509998	63.840000	62.599998	63.480000	62.214424	3449200
2016-10-21	62.970001	63.130001	61.869999	62.189999	60.950142	3176500
2016-10-24	62.250000	62.529999	60.470001	61.580002	60.352306	3019000
2016-10-25	61.570000	61.990002	60.389999	60.570000	59.362438	2162700
2016-10-26	60.020000	61.980000	59.910000	61.680000	60.450310	3093700
2016-10-27	61.990002	62.730000	61.250000	61.700001	60.469913	2405200
2016-10-28	61.630001	62.619999	60.200001	60.720001	59.509449	3640800
2016-10-31	60.419998	60.740002	59.389999	59.480000	58.294174	2590900
2016-11-01	60.320000	60.360001	58.380001	59.529999	58.343174	2778800
2016-11-02	59.180000	60.180000	58.540001	59.459999	58.274567	4962500
2016-11-03	58.459999	58.459999	54.730000	55.520000	54.413120	8756000
2016-11-04	55.200001	56.790001	54.610001	56.139999	55.020756	6235500
2016-11-07	57.599998	57.759998	56.189999	57.450001	56.304642	4614500
2016-11-08	56.939999	57.639999	56.500000	56.930000	55.795010	2337400
2016-11-09	57.029999	59.080002	56.790001	58.020000	56.863281	3270500
2016-11-10	58.040001	58.599998	57.230000	58.320000	57.157299	3272300
2016-11-11	57.950001	58.980000	56.970001	57.720001	56.569260	3517400
2016-11-14	57.529999	58.980000	57.220001	58.930000	57.755135	2985800
2016-11-15	59.959999	63.500000	59.959999	63.389999	62.126221	6053700
2016-11-16	62.779999	63.619999	62.139999	62.450001	61.204960	2993800
2016-11-17	63.480000	63.740002	61.139999	61.400002	60.175892	2974200
2016-11-18	61.599998	62.740002	61.349998	62.080002	60.842339	2753600
2016-11-21	63.730000	64.400002	62.599998	63.270000	62.008610	3446200
2016-11-22	63.560001	63.970001	61.119999	62.470001	61.224560	3304600
2016-11-23	62.180000	63.810001	62.000000	63.650002	62.381035	2335700
2016-11-25	63.139999	63.650002	62.400002	62.840000	61.587181	1832000
2016-11-28	63.410000	63.610001	61.250000	61.349998	60.126884	4022100
2016-11-29	59.759998	61.470001	58.049999	60.740002	59.529049	4391300
2016-11-30	64.889999	66.830002	63.669998	65.949997	64.635178	6956000
2016-12-01	67.389999	67.629997	64.720001	65.139999	63.841320	4643600
2016-12-02	65.089996	65.900002	64.639999	65.110001	63.811932	2073000
2016-12-05	65.980003	67.760002	65.760002	66.410004	65.086014	3595600
2016-12-06	65.620003	66.760002	64.059998	66.349998	65.027199	2148300
2016-12-07	66.370003	66.720001	65.269997	66.389999	65.066414	5181800
2016-12-08	66.750000	67.400002	66.110001	66.500000	65.174210	2862600
2016-12-09	67.139999	67.190002	65.919998	66.559998	65.233017	2411900
2016-12-12	68.250000	69.000000	66.639999	66.790001	65.458443	4865600
2016-12-13	67.150002	67.720001	65.949997	67.349998	66.007271	4030300
2016-12-14	66.980003	67.760002	65.629997	65.739998	64.429367	3834200
2016-12-15	65.449997	67.040001	65.000000	66.739998	65.409431	2757800
2016-12-16	67.099998	67.099998	65.900002	66.389999	65.066414	3551800
2016-12-19	66.660004	67.370003	66.169998	66.699997	65.370224	1971300
2016-12-20	67.110001	67.360001	66.440002	66.750000	65.419235	1950700
2016-12-21	67.410004	67.419998	66.529999	66.639999	65.311432	1572800
2016-12-22	66.620003	67.199997	66.250000	66.739998	65.409431	1933000
2016-12-23	66.459999	66.980003	66.029999	66.400002	65.076210	1288200
2016-12-27	66.540001	66.940002	66.029999	66.339996	65.017403	1021800
2016-12-28	66.410004	66.660004	64.339996	64.589996	63.302292	2425000
2016-12-29	64.349998	64.610001	63.509998	63.869999	62.596649	1702700
2016-12-30	63.869999	64.199997	63.270000	63.470001	62.204620	2238300
2017-01-03	64.709999	64.919998	62.080002	63.779999	62.508438	4816800
2017-01-04	63.869999	64.209999	63.080002	63.590000	62.322231	2620100
2017-01-05	63.799999	64.110001	62.810001	63.250000	61.989014	2531900
2017-01-06	63.520000	63.750000	62.560001	63.119999	61.861599	2936700
2017-01-09	62.730000	62.900002	62.110001	62.360001	61.116753	2331000
2017-01-10	62.630001	63.090000	62.299999	62.869999	61.616585	2382200
2017-01-11	63.130001	63.820000	62.169998	63.770000	62.498646	2270500
2017-01-12	64.129997	64.129997	62.660000	63.020000	61.763596	2824600
2017-01-13	62.720001	63.250000	62.360001	62.779999	61.528378	1316800
2017-01-17	63.160000	63.919998	62.250000	63.099998	61.842003	3535900
2017-01-18	62.320000	63.360001	62.160000	62.910000	61.901039	2559600
2017-01-19	62.830002	63.000000	61.869999	62.220001	61.222103	2218700
2017-01-20	63.000000	63.180000	61.580002	61.810001	60.818684	2780200
2017-01-23	61.549999	61.980000	60.660000	60.770000	59.795361	2599600
2017-01-24	61.270000	61.560001	60.500000	60.959999	59.982311	4072800
2017-01-25	61.020000	61.930000	60.849998	61.430000	60.444778	3907600
2017-01-26	61.810001	62.750000	61.480000	62.549999	61.546814	3714100
2017-01-27	62.220001	62.490002	61.290001	62.080002	61.084354	3282800
2017-01-30	61.509998	61.779999	59.549999	59.950001	58.988514	3332800
2017-01-31	60.090000	60.299999	59.099998	59.820000	58.860596	4648900
2017-02-01	60.330002	60.660000	57.369999	57.779999	56.853313	5847600
2017-02-02	58.020000	59.290001	57.450001	59.090000	58.142303	3098300
2017-02-03	58.560001	59.970001	58.560001	59.639999	58.683483	2843100
2017-02-06	59.639999	59.919998	57.810001	57.869999	56.941872	2671600
2017-02-07	57.590000	57.590000	55.750000	57.029999	56.115341	4686800
2017-02-08	56.360001	57.900002	55.810001	56.930000	56.016949	3084600
2017-02-09	57.490002	57.720001	56.770000	56.919998	56.007107	2624400
2017-02-10	57.439999	57.709999	56.919998	57.380001	56.459732	2710000
2017-02-13	57.270000	57.880001	56.759998	57.180000	56.262936	1875300
2017-02-14	56.459999	56.669998	54.529999	55.500000	54.609882	7432500
2017-02-15	55.080002	56.230000	54.730000	55.590000	54.698441	4981700
2017-02-16	55.770000	55.980000	54.959999	55.250000	54.363892	2798400
2017-02-17	55.000000	55.490002	54.680000	55.439999	54.550846	2524400
2017-02-21	56.060001	56.509998	55.750000	55.889999	54.993626	3240900
2017-02-22	55.330002	56.110001	54.740002	54.910000	54.029343	4380600
2017-02-23	54.349998	55.230000	51.279999	52.980000	52.130299	11695900
2017-02-24	52.619999	54.230000	52.509998	53.410000	52.553402	5686300
2017-02-27	53.419998	53.580002	52.509998	52.930000	52.081100	5041300
2017-02-28	52.779999	52.880001	52.090000	52.590000	51.746552	3662800
2017-03-01	53.040001	53.450001	52.730000	52.950001	52.100780	4470500
2017-03-02	51.959999	52.250000	51.419998	51.919998	51.087296	4266600
2017-03-03	52.020000	52.270000	51.810001	52.090000	51.254570	2856900
2017-03-06	52.070000	52.490002	51.880001	52.189999	51.352970	2125400
2017-03-07	52.369999	52.459999	51.200001	51.279999	50.457561	3375300
2017-03-08	51.049999	51.349998	49.279999	49.410000	48.617554	5307200
2017-03-09	49.250000	50.740002	49.049999	50.630001	49.817986	7189600
2017-03-10	50.910000	50.990002	49.790001	50.230000	49.424404	6192500
2017-03-13	50.220001	50.779999	50.000000	50.160000	49.355526	4053600
2017-03-14	49.630001	50.540001	49.279999	50.330002	49.522800	4172400
2017-03-15	50.750000	51.279999	50.150002	51.070000	50.250927	3262600
2017-03-16	51.130001	51.639999	50.540001	51.080002	50.260773	3603200
2017-03-17	51.230000	52.160000	51.180000	51.220001	50.398525	5229400
2017-03-20	50.900002	51.070000	50.240002	50.930000	50.113174	2666800
2017-03-21	51.200001	51.389999	50.209999	50.299999	49.493279	2830200
2017-03-22	49.990002	50.830002	49.990002	50.540001	49.729431	2958400
2017-03-23	50.250000	50.490002	50.060001	50.090000	49.286648	3489000
2017-03-24	50.290001	50.610001	49.910000	50.240002	49.434246	2650600
2017-03-27	49.619999	50.099998	49.270000	49.720001	48.922585	2901900
2017-03-28	49.880001	51.330002	49.779999	51.220001	50.398525	3061400
2017-03-29	51.150002	53.430000	51.049999	53.180000	52.327091	4572300
2017-03-30	53.980000	54.060001	52.070000	52.090000	51.254570	4638100
2017-03-31	52.080002	52.240002	50.599998	51.389999	50.565800	5740200
2017-04-03	51.419998	51.779999	50.660000	51.040001	50.221409	2879200
2017-04-04	51.160000	51.930000	50.750000	51.889999	51.057777	2330500
2017-04-05	52.380001	52.860001	51.560001	51.700001	50.870827	3856700
2017-04-06	52.000000	53.279999	51.830002	52.959999	52.110619	3153100
2017-04-07	52.529999	53.110001	52.200001	52.639999	51.795750	4992000
2017-04-10	53.029999	54.330002	52.820000	53.990002	53.124100	3536600
2017-04-11	53.889999	53.970001	52.720001	53.869999	53.006023	2880200
2017-04-12	53.840000	54.639999	53.509998	53.810001	52.946987	4391100
2017-04-13	53.619999	54.290001	52.209999	52.369999	51.530083	4445400
2017-04-17	52.349998	52.970001	52.080002	52.500000	51.657993	3099500
2017-04-18	51.990002	52.570000	50.400002	50.450001	49.640873	4847400
2017-04-19	50.330002	50.650002	49.009998	49.189999	48.642124	4945800
2017-04-20	49.389999	49.830002	49.009998	49.020000	48.474018	3381300
2017-04-21	49.000000	49.580002	48.790001	49.020000	48.474018	3030200
2017-04-24	49.419998	49.500000	48.360001	48.740002	48.197140	3850600
2017-04-25	48.730000	50.299999	48.380001	50.250000	49.690319	3137400
2017-04-26	49.869999	51.000000	49.669998	50.009998	49.452988	2794200
2017-04-27	49.470001	49.540001	48.240002	48.320000	47.781815	5218800
2017-04-28	48.740002	48.889999	48.279999	48.639999	48.098248	2973500
2017-05-01	48.560001	49.130001	48.360001	48.790001	48.246578	2916000
2017-05-02	48.919998	49.220001	48.099998	48.470001	47.930145	3304000
2017-05-03	48.310001	49.310001	48.250000	48.799999	48.256470	4593500
2017-05-04	48.650002	48.980000	46.090000	47.900002	47.366493	7881200
2017-05-05	48.000000	49.450001	47.939999	49.290001	48.741013	4237600
2017-05-08	49.160000	50.400002	49.009998	50.250000	49.690319	3308900
2017-05-09	50.209999	50.590000	49.610001	50.450001	49.888092	3467900
2017-05-10	50.750000	52.209999	50.750000	51.209999	50.639622	3560700
2017-05-11	51.360001	51.779999	50.910000	51.070000	50.501186	1851200
2017-05-12	51.119999	51.580002	50.750000	51.450001	50.876953	2650400
2017-05-15	52.480000	52.669998	50.580002	50.970001	50.402302	2923000
2017-05-16	51.270000	51.480000	50.320000	50.970001	50.402302	3403400
2017-05-17	50.970001	51.279999	50.099998	50.189999	49.630985	2711800
2017-05-18	50.000000	50.610001	49.340000	49.919998	49.363995	3573100
2017-05-19	50.250000	51.189999	50.029999	51.160000	50.590183	2898700
2017-05-22	51.410000	51.450001	50.000000	50.020000	49.462879	3519500
2017-05-23	50.040001	50.240002	49.529999	50.000000	49.443104	3001600
2017-05-24	49.770000	50.549999	49.610001	49.869999	49.314548	2900800
2017-05-25	49.779999	50.560001	47.660000	47.709999	47.178608	3645500
2017-05-26	47.880001	48.259998	47.330002	48.189999	47.653259	2896400
2017-05-30	47.840000	48.139999	47.250000	47.560001	47.030281	3783400
2017-05-31	47.020000	47.320000	46.470001	46.759998	46.239189	4216300
2017-06-01	46.849998	47.610001	46.549999	47.299999	46.773174	2816200
2017-06-02	46.750000	47.220001	46.130001	46.990002	46.466629	4254700
2017-06-05	46.730000	47.130001	46.439999	46.730000	46.209522	3795900
2017-06-06	46.560001	48.060001	46.430000	48.040001	47.504932	3000400
2017-06-07	47.650002	48.080002	45.950001	46.779999	46.258965	7075100
2017-06-08	46.779999	47.500000	46.320000	47.000000	46.476517	4612300
2017-06-09	47.240002	48.599998	47.220001	48.340000	47.801590	3818200
2017-06-12	48.820000	49.259998	48.419998	48.419998	47.880699	3055200
2017-06-13	48.410000	49.310001	48.310001	49.220001	48.671791	2243400
2017-06-14	48.779999	48.790001	47.220001	47.720001	47.188496	3793500
2017-06-15	47.470001	48.139999	47.340000	47.799999	47.267605	4673400
2017-06-16	48.049999	49.680000	47.930000	49.540001	48.988224	6182700
2017-06-19	49.540001	50.189999	49.400002	49.820000	49.265106	2977700
2017-06-20	48.959999	49.669998	47.389999	47.720001	47.188496	5356700
2017-06-21	47.349998	47.430000	45.259998	45.660000	45.151440	5130300
2017-06-22	45.869999	46.250000	45.150002	45.630001	45.121777	2693300
2017-06-23	45.720001	46.189999	45.520000	46.080002	45.566765	10019500
2017-06-26	46.330002	46.669998	45.790001	46.209999	45.695316	2490800
2017-06-27	46.340000	46.950001	46.139999	46.209999	45.695316	2116900
2017-06-28	46.330002	47.480000	46.290001	47.139999	46.614956	2562300
2017-06-29	47.400002	48.509998	47.270000	47.450001	46.921505	3551000
2017-06-30	47.599998	48.410000	47.099998	47.930000	47.396156	2817400
2017-07-03	48.180000	49.560001	48.110001	49.330002	48.780567	1277800
2017-07-05	48.980000	49.110001	47.590000	47.650002	47.119278	2251300
2017-07-06	47.650002	47.910000	45.639999	45.770000	45.260216	3540100
2017-07-07	45.529999	45.700001	44.599998	45.110001	44.607567	4343400
2017-07-10	46.090000	47.380001	45.650002	47.110001	46.585293	5679500
2017-07-11	47.110001	47.639999	46.509998	47.200001	46.674290	3348400
2017-07-12	47.990002	48.290001	47.009998	47.580002	47.050060	3218800
2017-07-13	47.459999	48.279999	47.299999	48.240002	47.702705	2615800
2017-07-14	48.419998	48.709999	48.200001	48.560001	48.019142	2305300
2017-07-17	48.380001	48.770000	48.240002	48.680000	48.137802	3011000
2017-07-18	49.180000	49.250000	47.470001	47.730000	47.198387	2321400
2017-07-19	47.430000	50.130001	47.320000	49.860001	49.564270	6096900
2017-07-20	50.360001	50.529999	49.290001	49.349998	49.057293	3460400
2017-07-21	49.290001	49.400002	48.279999	48.410000	48.122871	3347600
2017-07-24	48.540001	48.759998	47.590000	47.959999	47.675537	2620100
2017-07-25	48.869999	49.750000	48.540001	48.860001	48.570202	3558900
2017-07-26	49.209999	49.799999	48.759998	48.860001	48.570202	2063200
2017-07-27	48.840000	50.330002	48.360001	50.220001	49.922138	3714600
2017-07-28	50.150002	51.209999	49.720001	50.009998	49.713379	3982700
2017-07-31	50.000000	50.009998	49.099998	49.480000	49.186523	2085500
2017-08-01	49.439999	49.439999	48.480000	48.660000	48.371387	2843300
2017-08-02	48.180000	48.349998	47.070000	47.910000	47.625835	4465600
2017-08-03	47.200001	47.200001	43.240002	44.060001	43.798672	11184000
2017-08-04	44.209999	45.310001	43.610001	45.220001	44.951794	7043100
2017-08-07	44.709999	45.099998	44.200001	44.389999	44.126713	3904900
2017-08-08	44.360001	45.279999	43.930000	44.119999	43.858315	3448700
2017-08-09	44.560001	44.970001	43.250000	43.580002	43.321522	3321900
2017-08-10	43.520000	43.880001	42.360001	42.610001	42.357273	3803900
2017-08-11	42.240002	42.919998	42.169998	42.389999	42.138577	2506000
2017-08-14	42.410000	42.580002	41.470001	41.570000	41.323441	3597500
2017-08-15	41.389999	41.660000	41.000000	41.540001	41.293617	4038600
2017-08-16	41.680000	41.880001	40.509998	40.630001	40.389015	3313700
2017-08-17	40.720001	40.720001	39.869999	39.889999	39.653404	2728600
2017-08-18	39.860001	40.930000	39.779999	40.310001	40.070915	3046500
2017-08-21	40.150002	40.259998	39.040001	39.520000	39.285599	4071400
2017-08-22	39.619999	40.049999	39.580002	39.889999	39.653404	3008100
2017-08-23	39.759998	40.689999	39.459999	40.240002	40.001331	3809000
2017-08-24	40.049999	40.369999	39.860001	40.029999	39.792572	1886500
2017-08-25	40.189999	40.389999	39.779999	40.060001	39.822399	2399400
2017-08-28	39.990002	40.250000	38.820000	39.349998	39.116608	3888700
2017-08-29	38.840000	39.230000	38.349998	38.869999	38.639454	3111000
2017-08-30	38.709999	39.200001	38.259998	38.369999	38.142418	4721300
2017-08-31	38.369999	39.180000	38.139999	38.840000	38.609631	4989500
2017-09-01	39.000000	39.700001	38.619999	39.480000	39.245834	2955900
2017-09-05	39.740002	40.139999	39.080002	39.419998	39.186192	2889500
2017-09-06	39.709999	40.529999	39.660000	40.130001	39.891983	2902000
2017-09-07	40.029999	40.849998	39.889999	40.730000	40.488422	4129400
2017-09-08	40.310001	40.480000	38.980000	39.299999	39.066902	3725900
2017-09-11	39.430000	40.150002	39.330002	39.759998	39.524174	2560600
2017-09-12	40.020000	40.799999	39.820000	40.520000	40.279667	2391800
2017-09-13	40.730000	42.369999	40.669998	42.340000	42.088875	4401100
2017-09-14	42.020000	42.820000	41.799999	42.220001	41.969585	4117600
2017-09-15	42.209999	42.540001	42.060001	42.520000	42.267807	3101600
2017-09-18	42.330002	42.730000	41.970001	42.299999	42.049110	2550100
2017-09-19	42.299999	42.369999	41.610001	41.750000	41.502373	1865600
2017-09-20	41.840000	43.080002	41.820000	43.049999	42.794662	3033300
2017-09-21	43.060001	43.430000	42.590000	43.360001	43.102825	2566800
2017-09-22	43.209999	43.660000	43.029999	43.570000	43.311577	1920900
2017-09-25	43.869999	45.500000	43.830002	45.060001	44.792740	4220300
2017-09-26	44.709999	46.169998	44.660000	45.959999	45.687401	4365500
2017-09-27	46.150002	46.439999	45.369999	46.259998	45.985622	2356200
2017-09-28	46.380001	46.939999	45.389999	45.799999	45.528351	3362200
2017-09-29	45.500000	45.810001	45.180000	45.799999	45.528351	2051400
2017-10-02	45.150002	45.840000	44.330002	45.720001	45.448826	2234900
2017-10-03	45.750000	45.939999	45.169998	45.439999	45.170486	1637400
2017-10-04	45.459999	45.680000	44.750000	45.139999	44.872265	4591300
2017-10-05	45.189999	45.959999	45.049999	45.820000	45.548233	2118500
2017-10-06	45.250000	45.730000	44.669998	45.169998	44.902084	2548400
2017-10-09	45.340000	45.910000	44.900002	45.849998	45.578053	3278500
2017-10-10	45.040001	45.259998	42.410000	42.459999	42.208160	10110700
2017-10-11	42.549999	42.759998	41.700001	41.959999	41.711124	4867100
2017-10-12	41.509998	41.740002	40.360001	41.410000	41.164391	6136700
2017-10-13	42.040001	42.080002	41.130001	41.599998	41.353260	3019600
2017-10-16	42.000000	42.770000	41.700001	42.730000	42.476559	4190100
2017-10-17	42.570000	43.160000	42.189999	42.759998	42.506382	3392700
2017-10-18	42.799999	43.610001	42.520000	42.650002	42.397038	4142500
2017-10-19	42.099998	42.950001	42.020000	42.150002	41.900002	3679900
2017-10-20	42.049999	42.150002	41.470001	41.529999	41.529999	4431600
2017-10-23	41.560001	41.860001	40.279999	40.299999	40.299999	5102300
2017-10-24	40.470001	40.820000	39.799999	40.139999	40.139999	5513500
2017-10-25	39.880001	39.990002	38.970001	39.509998	39.509998	3969200
2017-10-26	39.560001	40.000000	38.900002	39.590000	39.590000	3114500
2017-10-27	39.180000	40.970001	39.110001	40.740002	40.740002	3625200
2017-10-30	40.820000	41.500000	40.500000	40.810001	40.810001	2323500
2017-10-31	40.799999	41.529999	40.520000	41.369999	41.369999	2073600
2017-11-01	41.770000	42.689999	41.520000	42.230000	42.230000	3522700
2017-11-02	41.639999	43.480000	41.380001	41.680000	41.680000	3534400
2017-11-03	41.770000	43.200001	41.689999	42.750000	42.750000	3123500
2017-11-06	43.119999	45.750000	43.009998	45.740002	45.740002	5444700
