2012-11-07	65.709999	65.889999	62.290001	63.860001	62.673038	446900
2012-11-08	63.900002	64.070000	62.410000	62.430000	61.269619	248900
2012-11-09	62.000000	63.900002	61.560001	63.040001	61.868275	366400
2012-11-12	63.349998	63.349998	62.310001	62.470001	61.308884	168900
2012-11-13	62.139999	63.560001	61.869999	63.000000	61.829029	249000
2012-11-14	63.119999	63.450001	61.980000	62.279999	61.122398	246300
2012-11-15	62.049999	62.910000	62.049999	62.400002	61.240177	253800
2012-11-16	62.250000	62.250000	60.820000	61.750000	60.602253	320800
2012-11-19	62.520000	63.189999	61.990002	62.570000	61.407021	280200
2012-11-20	62.500000	63.759998	61.840000	63.619999	62.437504	215600
2012-11-21	63.540001	64.459999	63.090000	64.160004	62.967468	142100
2012-11-23	64.410004	65.519997	64.169998	65.500000	64.282555	86400
2012-11-26	65.029999	66.070000	64.559998	65.050003	63.840919	158000
2012-11-27	65.000000	66.089996	64.309998	64.589996	63.389465	163600
2012-11-28	64.089996	64.089996	62.139999	63.910000	62.722107	260300
2012-11-29	63.990002	66.059998	63.970001	65.849998	64.626060	173500
2012-11-30	66.070000	66.790001	65.639999	66.150002	64.920464	215100
2012-12-03	66.580002	66.769997	65.489998	65.779999	64.557358	159700
2012-12-04	65.750000	65.839996	64.709999	65.059998	63.850727	241600
2012-12-05	65.199997	65.430000	63.790001	64.940002	63.732956	308000
2012-12-06	64.849998	65.379997	64.080002	65.370003	64.154968	114700
2012-12-07	65.739998	66.000000	65.250000	65.839996	64.616234	122800
2012-12-10	65.839996	67.139999	65.589996	67.139999	65.892075	116900
2012-12-11	67.879997	67.879997	67.059998	67.570000	66.314064	152900
2012-12-12	67.910004	68.099998	67.120003	67.290001	66.039284	158000
2012-12-13	67.000000	68.449997	66.739998	66.830002	65.587837	193200
2012-12-14	66.599998	67.360001	66.000000	66.279999	65.048050	160800
2012-12-17	66.669998	67.589996	66.139999	67.459999	66.206131	264000
2012-12-18	67.730003	68.730003	67.220001	67.629997	66.372955	447500
2012-12-19	67.660004	68.400002	67.150002	67.290001	66.039284	384300
2012-12-20	67.139999	68.000000	67.050003	67.769997	66.510361	326100
2012-12-21	67.769997	68.949997	66.349998	66.610001	65.371925	705800
2012-12-24	66.519997	66.779999	65.830002	66.300003	65.067673	128900
2012-12-26	66.360001	67.300003	65.559998	65.709999	64.488640	172100
2012-12-27	65.690002	66.320000	65.110001	66.099998	64.871407	232000
2012-12-28	65.620003	66.599998	65.589996	66.190002	64.959740	157200
2012-12-31	66.059998	67.809998	65.910004	67.730003	66.471107	232300
2013-01-02	69.540001	70.089996	68.500000	69.169998	67.884331	537200
2013-01-03	69.559998	71.589996	69.080002	69.330002	68.041374	666700
2013-01-04	69.459999	69.900002	67.930000	69.220001	67.933395	268200
2013-01-07	68.730003	69.089996	68.199997	68.970001	67.688065	623800
2013-01-08	64.070000	65.730003	62.389999	65.459999	64.243309	2551000
2013-01-09	65.870003	66.489998	64.959999	65.779999	64.557358	1004900
2013-01-10	66.080002	66.430000	64.690002	65.510002	64.292374	524100
2013-01-11	65.620003	66.139999	64.949997	66.120003	64.891022	459600
2013-01-14	65.809998	66.220001	65.610001	66.110001	64.881226	376800
2013-01-15	65.769997	67.110001	65.470001	66.970001	65.725243	450900
2013-01-16	66.610001	67.690002	66.209999	67.370003	66.246399	878600
2013-01-17	67.870003	68.639999	67.699997	68.400002	67.259209	650400
2013-01-18	68.339996	68.610001	67.730003	68.230003	67.092049	308100
2013-01-22	68.309998	69.059998	67.849998	69.040001	67.888535	388700
2013-01-23	69.080002	69.660004	68.860001	69.269997	68.114700	445100
2013-01-24	69.400002	70.239998	68.989998	69.129997	67.977013	431100
2013-01-25	69.500000	70.459999	69.129997	70.360001	69.186523	292000
2013-01-28	70.419998	70.879997	69.970001	70.449997	69.275017	449500
2013-01-29	70.480003	71.029999	70.250000	70.550003	69.373375	281600
2013-01-30	70.639999	70.650002	68.779999	68.980003	67.829544	448100
2013-01-31	68.769997	69.389999	68.489998	68.800003	67.652550	327000
2013-02-01	69.169998	69.949997	69.010002	69.489998	68.331024	430200
2013-02-04	68.800003	69.419998	68.620003	68.860001	67.711555	321200
2013-02-05	69.169998	69.959999	68.769997	69.629997	68.468681	206200
2013-02-06	69.230003	70.080002	69.230003	69.510002	68.350700	229100
2013-02-07	69.709999	69.709999	67.959999	68.970001	67.819702	272300
2013-02-08	69.209999	70.699997	69.209999	70.089996	68.921013	265800
2013-02-11	69.980003	70.620003	69.980003	70.250000	69.078362	204500
2013-02-12	70.320000	70.959999	69.940002	70.010002	68.842361	169100
2013-02-13	70.080002	71.139999	69.879997	71.139999	69.953522	251300
2013-02-14	70.709999	71.589996	70.709999	71.419998	70.228844	291000
2013-02-15	71.750000	71.790001	70.910004	71.610001	70.415672	345600
2013-02-19	71.629997	72.980003	71.629997	72.930000	71.713669	361800
2013-02-20	72.919998	73.480003	72.599998	72.790001	71.575981	711500
2013-02-21	72.599998	72.690002	70.449997	71.500000	70.307503	571400
2013-02-22	71.860001	72.629997	71.129997	72.129997	70.927017	406700
2013-02-25	72.330002	72.440002	69.510002	69.620003	68.458870	537300
2013-02-26	70.110001	71.070000	69.279999	70.790001	69.609344	334300
2013-02-27	70.739998	72.720001	70.500000	72.000000	70.799171	353100
2013-02-28	70.339996	71.180000	67.730003	68.129997	66.993729	1157000
2013-03-01	67.510002	68.269997	66.330002	67.849998	66.718384	771900
2013-03-04	67.809998	67.809998	65.989998	67.250000	66.128387	413300
2013-03-05	68.320000	70.690002	68.320000	70.480003	69.304520	935700
2013-03-06	70.540001	71.309998	70.279999	70.699997	69.520844	316300
2013-03-07	70.889999	72.000000	70.480003	71.489998	70.297668	471300
2013-03-08	72.080002	72.500000	71.230003	71.889999	70.690994	429600
2013-03-11	71.650002	72.519997	71.330002	71.989998	70.789330	357900
2013-03-12	71.919998	72.720001	71.300003	71.419998	70.228844	544600
2013-03-13	71.519997	72.260002	71.419998	71.709999	70.514000	392600
2013-03-14	71.709999	72.650002	71.320000	72.519997	71.310501	422400
2013-03-15	72.430000	72.489998	70.660004	71.169998	69.983009	682500
2013-03-18	70.250000	71.800003	69.949997	71.230003	70.042023	296800
2013-03-19	71.370003	71.910004	70.099998	70.860001	69.678185	215900
2013-03-20	71.349998	72.050003	71.230003	71.919998	70.720497	171300
2013-03-21	71.459999	71.820000	70.449997	70.809998	69.629005	102500
2013-03-22	71.300003	71.589996	71.029999	71.269997	70.081345	131900
2013-03-25	71.430000	71.790001	69.919998	70.150002	68.980019	165400
2013-03-26	70.449997	70.730003	69.400002	69.669998	68.508026	236700
2013-03-27	68.809998	70.000000	68.099998	69.470001	68.311363	455000
2013-03-28	69.639999	69.639999	68.199997	69.349998	68.193359	486800
2013-04-01	69.400002	69.660004	68.550003	68.919998	67.770531	571600
2013-04-02	69.419998	69.419998	67.839996	68.250000	67.111702	758100
2013-04-03	73.580002	74.889999	71.519997	71.839996	70.641853	1184300
2013-04-04	71.120003	73.559998	70.809998	72.769997	71.556335	765900
2013-04-05	71.470001	72.489998	70.680000	72.279999	71.074509	264500
2013-04-08	72.339996	73.250000	71.529999	73.199997	71.979141	385400
2013-04-09	73.250000	73.959999	72.470001	73.419998	72.195480	410300
2013-04-10	73.820000	74.349998	73.089996	73.949997	72.716660	454600
2013-04-11	73.949997	74.000000	72.930000	73.120003	71.900490	372500
2013-04-12	72.889999	72.889999	71.559998	72.739998	71.526840	282300
2013-04-15	72.220001	72.699997	68.959999	69.250000	68.216934	484000
2013-04-16	70.129997	71.139999	69.800003	71.000000	69.940842	378300
2013-04-17	70.239998	70.489998	69.010002	70.099998	69.054276	507300
2013-04-18	71.139999	72.110001	70.419998	70.940002	69.881721	672400
2013-04-19	71.029999	71.320000	69.970001	71.290001	70.226532	427300
2013-04-22	71.269997	71.500000	69.940002	71.029999	69.970406	382300
2013-04-23	71.510002	71.989998	71.010002	71.660004	70.591011	317200
2013-04-24	71.879997	72.959999	71.870003	72.419998	71.339645	370900
2013-04-25	72.639999	73.849998	72.449997	73.220001	72.127724	280100
2013-04-26	72.900002	73.370003	72.540001	72.730003	71.645035	310700
2013-04-29	72.989998	73.000000	71.830002	72.370003	71.290405	309900
2013-04-30	72.470001	73.029999	72.209999	72.959999	71.871605	411000
2013-05-01	72.510002	72.860001	70.510002	70.580002	69.527107	407700
2013-05-02	70.800003	71.230003	70.430000	70.949997	69.891594	438200
2013-05-03	71.599998	74.080002	71.279999	73.510002	72.413399	481400
2013-05-06	73.510002	74.349998	73.389999	73.480003	72.383827	219000
2013-05-07	73.769997	74.180000	73.160004	74.180000	73.073402	171300
2013-05-08	74.199997	74.769997	74.089996	74.760002	73.644760	241700
2013-05-09	74.860001	76.050003	74.639999	75.370003	74.245659	241500
2013-05-10	75.440002	75.680000	74.989998	75.199997	74.078178	184400
2013-05-13	74.940002	74.940002	73.599998	73.750000	72.649826	278500
2013-05-14	74.349998	77.040001	73.959999	76.849998	75.703575	583700
2013-05-15	76.440002	77.940002	76.440002	77.010002	75.861198	340900
2013-05-16	76.870003	77.809998	76.559998	76.820000	75.674019	250800
2013-05-17	77.029999	77.959999	77.029999	77.529999	76.373428	296700
2013-05-20	77.339996	77.860001	77.070000	77.290001	76.137016	227700
2013-05-21	77.279999	77.610001	76.930000	77.330002	76.176414	301000
2013-05-22	77.190002	79.160004	75.529999	76.330002	75.191345	352800
2013-05-23	75.730003	76.570000	75.080002	75.860001	74.728348	278100
2013-05-24	75.400002	75.820000	74.809998	75.239998	74.117607	169500
2013-05-28	76.339996	77.059998	74.970001	75.589996	74.462364	219600
2013-05-29	75.089996	75.410004	74.000000	74.300003	73.191650	274500
2013-05-30	74.580002	75.940002	74.580002	75.029999	73.910721	285800
2013-05-31	74.669998	76.330002	74.580002	75.070000	73.950142	209300
2013-06-03	75.080002	75.699997	73.099998	74.870003	73.753136	445600
2013-06-04	75.059998	76.099998	73.500000	74.269997	73.162071	231500
2013-06-05	74.070000	74.360001	72.989998	73.389999	72.295197	302100
2013-06-06	73.279999	73.959999	72.339996	73.959999	72.856674	459500
2013-06-07	74.430000	76.019997	74.169998	75.559998	74.432831	253000
2013-06-10	75.680000	76.190002	75.180000	75.800003	74.669243	172400
2013-06-11	75.169998	75.730003	73.970001	74.940002	73.822083	120700
2013-06-12	75.650002	75.739998	74.680000	74.910004	73.792534	171700
2013-06-13	74.900002	76.699997	74.059998	76.449997	75.309547	203700
2013-06-14	76.449997	76.730003	75.610001	75.839996	74.708641	227800
2013-06-17	76.389999	77.040001	75.930000	76.860001	75.713432	218600
2013-06-18	77.070000	78.489998	76.559998	78.370003	77.200897	162600
2013-06-19	78.160004	78.669998	77.430000	77.610001	76.452232	188300
2013-06-20	76.489998	76.699997	75.199997	75.870003	74.738190	397700
2013-06-21	76.449997	76.449997	74.330002	75.139999	74.019089	630900
2013-06-24	74.150002	75.250000	73.510002	74.580002	73.467453	254400
2013-06-25	75.389999	75.620003	74.449997	74.889999	73.772820	315800
2013-06-26	75.730003	76.300003	74.489998	74.660004	73.546265	315600
2013-06-27	75.379997	76.440002	75.199997	76.120003	74.984467	271800
2013-06-28	75.930000	76.480003	75.040001	75.519997	74.393417	365000
2013-07-01	75.980003	77.290001	75.620003	75.930000	74.797295	465900
2013-07-02	78.540001	83.300003	76.540001	81.389999	80.175865	1288300
2013-07-03	81.589996	82.120003	80.230003	81.849998	80.628983	482500
2013-07-05	82.879997	84.379997	82.260002	84.260002	83.003052	461300
2013-07-08	84.440002	84.800003	83.919998	84.410004	83.150810	420600
2013-07-09	84.089996	86.139999	82.760002	85.500000	84.224556	762200
2013-07-10	85.260002	85.809998	84.150002	84.750000	83.485733	427700
2013-07-11	85.790001	86.089996	84.820000	85.989998	84.707222	379500
2013-07-12	85.790001	85.790001	84.919998	85.349998	84.076790	228500
2013-07-15	85.589996	86.129997	85.199997	85.930000	84.648125	214800
2013-07-16	86.120003	86.120003	84.260002	84.980003	83.839142	313500
2013-07-17	85.239998	85.610001	84.519997	84.980003	83.839142	507000
2013-07-18	85.000000	88.419998	85.000000	88.330002	87.144180	478000
2013-07-19	88.160004	88.160004	87.089996	87.389999	86.216789	330400
2013-07-22	87.639999	88.510002	87.250000	87.550003	86.374634	184200
2013-07-23	87.870003	88.470001	87.169998	88.339996	87.154022	234600
2013-07-24	88.650002	88.650002	86.860001	87.330002	86.157600	240300
2013-07-25	87.250000	87.250000	85.639999	87.059998	85.891197	244400
2013-07-26	86.610001	87.139999	86.139999	86.959999	85.792564	238100
2013-07-29	86.779999	87.330002	86.300003	86.470001	85.309143	190300
2013-07-30	85.980003	87.650002	85.980003	86.230003	85.072350	195200
2013-07-31	86.629997	86.949997	85.650002	86.500000	85.338722	281700
2013-08-01	87.500000	89.570000	87.250000	88.199997	87.015900	382700
2013-08-02	87.959999	88.480003	87.190002	88.290001	87.104706	170800
2013-08-05	88.099998	88.330002	86.760002	87.309998	86.137863	147500
2013-08-06	86.820000	86.820000	85.279999	85.730003	84.579079	165600
2013-08-07	85.629997	85.629997	84.339996	85.169998	84.026588	218400
2013-08-08	85.599998	86.900002	85.209999	86.599998	85.437393	127000
2013-08-09	86.639999	87.339996	85.699997	86.779999	85.614967	169500
2013-08-12	86.040001	87.980003	85.459999	87.879997	86.700203	136700
2013-08-13	87.870003	88.790001	87.150002	88.190002	87.006042	108700
2013-08-14	88.320000	88.320000	86.139999	86.620003	85.457123	139600
2013-08-15	85.190002	86.220001	84.790001	85.349998	84.204155	153300
2013-08-16	84.930000	86.089996	84.330002	84.540001	83.405037	214400
2013-08-19	84.589996	84.930000	83.800003	84.320000	83.187996	179100
2013-08-20	84.360001	86.309998	83.949997	85.919998	84.766518	154400
2013-08-21	85.559998	86.699997	85.260002	85.529999	84.381744	158300
2013-08-22	85.910004	87.690002	85.910004	86.970001	85.802437	79700
2013-08-23	87.040001	87.110001	85.919998	86.760002	85.595230	99400
2013-08-26	86.919998	88.360001	86.419998	87.900002	86.719948	174200
2013-08-27	86.760002	87.050003	84.760002	84.949997	83.809540	210100
2013-08-28	85.050003	86.529999	85.010002	86.209999	85.052612	148300
2013-08-29	85.860001	88.059998	85.860001	87.830002	86.650887	197300
2013-08-30	87.760002	88.059998	85.290001	85.500000	84.352158	261200
2013-09-03	86.529999	87.720001	83.610001	84.430000	83.296532	428600
2013-09-04	84.400002	86.629997	84.400002	86.610001	85.447258	240700
2013-09-05	86.449997	88.250000	86.449997	87.839996	86.660728	149300
2013-09-06	88.040001	88.830002	86.430000	87.540001	86.364769	104600
2013-09-09	88.160004	90.860001	88.160004	90.349998	89.137039	170100
2013-09-10	91.040001	92.980003	90.870003	92.440002	91.198975	283600
2013-09-11	92.480003	92.639999	91.720001	92.070000	90.833946	150700
2013-09-12	91.940002	92.349998	91.120003	91.180000	89.955902	151000
2013-09-13	91.230003	91.529999	90.519997	90.690002	89.472473	187200
2013-09-16	91.959999	91.989998	90.120003	90.269997	89.058121	260600
2013-09-17	90.290001	93.150002	90.290001	93.139999	91.889587	342600
2013-09-18	92.000000	93.830002	90.309998	93.650002	92.392738	308400
2013-09-19	93.769997	94.089996	92.769997	93.160004	91.909317	133500
2013-09-20	93.459999	93.599998	91.220001	91.410004	90.182816	392300
2013-09-23	91.570000	92.419998	90.449997	91.750000	90.518250	172400
2013-09-24	92.029999	92.339996	90.849998	91.110001	89.886826	250000
2013-09-25	91.330002	92.000000	90.570000	91.010002	89.788193	368200
2013-09-26	91.250000	92.419998	90.680000	92.150002	90.912880	220700
2013-09-27	91.410004	92.540001	90.730003	91.150002	89.926308	286900
2013-09-30	90.129997	92.709999	89.720001	92.019997	90.784615	430800
2013-10-01	92.940002	99.290001	92.940002	98.910004	97.582130	889800
2013-10-02	97.790001	97.790001	93.940002	94.089996	92.826828	536100
2013-10-03	94.050003	94.050003	91.610001	92.839996	91.593597	305500
2013-10-04	93.650002	96.570000	92.820000	95.949997	94.661850	589700
2013-10-07	95.269997	97.480003	95.010002	96.330002	95.036766	535500
2013-10-08	96.150002	97.190002	94.680000	94.800003	93.527306	449600
2013-10-09	94.940002	95.120003	92.879997	93.150002	91.899460	433100
2013-10-10	94.230003	96.160004	94.059998	96.099998	94.809837	231900
2013-10-11	96.059998	97.849998	95.500000	97.809998	96.496895	304400
2013-10-14	97.379997	99.080002	96.500000	99.010002	97.680786	196000
2013-10-15	98.839996	99.000000	96.519997	97.250000	95.944412	272300
2013-10-16	98.070000	98.739998	96.940002	97.370003	96.191383	337500
2013-10-17	97.040001	98.019997	96.940002	97.860001	96.675461	296800
2013-10-18	98.650002	100.779999	98.300003	100.699997	99.481079	295500
2013-10-21	100.550003	102.660004	100.089996	102.639999	101.397583	456800
2013-10-22	103.209999	104.089996	102.089996	103.419998	102.168152	357400
2013-10-23	102.510002	104.120003	102.160004	103.500000	102.247185	389700
2013-10-24	103.510002	104.059998	102.870003	103.739998	102.484268	186100
2013-10-25	103.709999	103.709999	102.190002	103.320000	102.069374	193600
2013-10-28	103.089996	103.650002	102.070000	102.739998	101.496391	197400
2013-10-29	102.730003	104.190002	102.019997	103.389999	102.138519	173800
2013-10-30	103.430000	104.010002	101.540001	101.849998	100.617149	300500
2013-10-31	101.669998	101.930000	100.360001	100.510002	99.293373	543100
2013-11-01	100.430000	100.839996	98.830002	99.699997	98.493172	380000
2013-11-04	100.230003	100.430000	99.010002	99.989998	98.779655	362900
2013-11-05	99.209999	99.779999	98.290001	98.980003	97.781891	360700
2013-11-06	99.750000	100.650002	99.300003	100.419998	99.204468	270400
2013-11-07	100.580002	101.699997	99.180000	100.000000	98.789536	402000
2013-11-08	99.809998	102.029999	99.540001	101.669998	100.439339	305200
2013-11-11	101.349998	103.190002	101.019997	103.070000	101.822388	285200
2013-11-12	102.699997	103.480003	102.300003	103.250000	102.000206	213900
2013-11-13	102.750000	105.110001	102.360001	105.089996	103.817924	208600
2013-11-14	104.849998	105.410004	104.220001	104.830002	103.561089	159200
2013-11-15	104.629997	105.849998	104.580002	105.209999	103.936485	293500
2013-11-18	105.389999	106.330002	104.260002	104.589996	103.323982	311500
2013-11-19	104.620003	105.139999	102.430000	102.639999	101.397583	364500
2013-11-20	103.400002	104.000000	98.389999	100.080002	98.868576	1081400
2013-11-21	100.779999	101.660004	99.750000	101.610001	100.380066	424900
2013-11-22	101.739998	102.209999	100.739998	101.650002	100.419563	322100
2013-11-25	102.120003	102.120003	100.949997	101.300003	100.073814	183700
2013-11-26	101.459999	102.930000	101.050003	102.519997	101.279030	166700
2013-11-27	102.589996	103.449997	102.199997	103.300003	102.049606	157400
2013-11-29	103.769997	103.769997	101.849998	102.529999	101.288925	116000
2013-12-02	102.480003	104.230003	101.739998	102.349998	101.111099	203600
2013-12-03	102.220001	102.769997	100.529999	100.779999	99.560104	207400
2013-12-04	100.139999	101.610001	99.160004	100.650002	99.431671	148700
2013-12-05	100.629997	101.820000	100.129997	101.309998	100.083702	143800
2013-12-06	101.959999	103.160004	101.760002	102.470001	101.229660	159200
2013-12-09	102.500000	103.250000	102.489998	102.970001	101.723595	111500
2013-12-10	102.529999	103.550003	101.580002	101.680000	100.449219	206000
2013-12-11	102.010002	102.019997	99.370003	99.889999	98.680878	201000
2013-12-12	99.720001	101.900002	99.389999	101.209999	99.984909	212600
2013-12-13	101.480003	101.750000	100.510002	101.110001	99.886108	174300
2013-12-16	101.559998	103.919998	100.099998	103.629997	102.375603	197800
2013-12-17	103.629997	105.120003	102.930000	104.599998	103.333862	247300
2013-12-18	104.599998	106.949997	104.029999	106.930000	105.635681	232900
2013-12-19	106.470001	106.519997	105.349998	105.919998	104.637901	165800
2013-12-20	106.019997	108.379997	106.019997	107.500000	106.198753	445100
2013-12-23	108.260002	108.690002	107.410004	108.400002	107.087875	176600
2013-12-24	108.870003	109.989998	107.779999	109.639999	108.312851	77500
2013-12-26	109.800003	110.519997	109.519997	110.059998	108.727791	198700
2013-12-27	110.559998	111.099998	109.360001	110.190002	108.856201	232600
2013-12-30	110.089996	110.910004	109.139999	109.709999	108.382011	114600
2013-12-31	110.089996	110.089996	108.919998	109.320000	107.996719	260700
2014-01-02	109.220001	109.260002	106.839996	107.650002	106.346931	254100
2014-01-03	107.699997	108.559998	107.550003	108.150002	106.840889	192800
2014-01-06	108.699997	108.930000	105.739998	106.279999	104.993538	272000
2014-01-07	106.910004	109.699997	106.610001	109.440002	108.115288	286300
2014-01-08	109.470001	110.559998	108.250000	110.029999	108.698135	635500
2014-01-09	120.000000	136.460007	119.059998	123.500000	122.005119	1981500
2014-01-10	128.220001	134.000000	127.169998	132.660004	131.054230	1333800
2014-01-13	131.770004	132.830002	128.809998	129.789993	128.218933	829000
2014-01-14	130.119995	130.789993	128.389999	130.089996	128.515289	626000
2014-01-15	130.889999	133.550003	129.990005	133.449997	131.834656	591300
2014-01-16	133.460007	134.279999	131.399994	133.360001	131.874191	316900
2014-01-17	133.199997	134.020004	131.649994	131.899994	130.430466	293500
2014-01-21	132.300003	132.649994	129.910004	130.729996	129.273483	387100
2014-01-22	130.729996	131.410004	130.100006	131.360001	129.896454	286700
2014-01-23	131.009995	131.429993	129.100006	129.960007	128.512131	299200
2014-01-24	128.830002	129.720001	123.449997	124.559998	123.172241	402500
2014-01-27	125.360001	126.610001	123.400002	125.370003	123.973221	685900
2014-01-28	125.480003	128.410004	125.320000	127.410004	125.990501	369600
2014-01-29	125.930000	127.760002	125.910004	127.459999	126.039925	492000
2014-01-30	129.100006	129.100006	126.959999	127.040001	125.624619	587700
2014-01-31	125.559998	129.070007	125.089996	127.040001	125.624619	357400
2014-02-03	126.900002	127.669998	122.970001	124.620003	123.231567	750500
2014-02-04	125.309998	127.709999	124.309998	126.830002	125.416954	491100
2014-02-05	126.330002	127.180000	124.059998	126.860001	125.446632	401400
2014-02-06	127.309998	129.610001	126.970001	127.830002	126.405823	279800
2014-02-07	128.330002	129.979996	128.149994	129.610001	128.165985	366500
2014-02-10	129.220001	129.580002	126.419998	128.190002	126.761818	375900
2014-02-11	128.350006	129.820007	126.830002	128.869995	127.434227	442900
2014-02-12	128.940002	131.850006	128.470001	131.509995	130.044800	556700
2014-02-13	131.020004	133.339996	129.419998	133.000000	131.518188	317800
2014-02-14	132.979996	133.339996	131.410004	132.250000	130.776566	337800
2014-02-18	132.289993	134.779999	132.289993	134.440002	132.942184	369000
2014-02-19	133.770004	135.250000	133.259995	133.580002	132.091782	347300
2014-02-20	133.919998	136.240005	132.940002	136.089996	134.573746	304900
2014-02-21	136.559998	137.009995	135.320007	135.440002	133.931046	273900
2014-02-24	136.250000	137.660004	135.940002	136.309998	134.791306	271300
2014-02-25	136.580002	138.210007	136.259995	137.320007	135.790115	392000
2014-02-26	136.979996	140.570007	136.800003	140.399994	138.835770	469300
2014-02-27	141.179993	143.539993	140.809998	141.979996	140.398163	541200
2014-02-28	142.000000	142.660004	140.279999	141.050003	139.478546	361100
2014-03-03	140.190002	140.970001	138.380005	140.220001	138.657776	230600
2014-03-04	142.000000	146.279999	141.039993	143.380005	141.782593	528800
2014-03-05	143.240005	144.389999	142.729996	143.649994	142.049561	213100
2014-03-06	143.759995	144.479996	142.979996	143.550003	141.950668	170200
2014-03-07	144.550003	144.679993	142.580002	143.520004	141.921021	256400
2014-03-10	143.059998	143.479996	141.740005	142.270004	140.684937	276200
2014-03-11	142.059998	143.630005	139.500000	140.000000	138.440216	306500
2014-03-12	138.990005	139.800003	137.979996	139.250000	137.698608	329100
2014-03-13	140.000000	141.110001	139.619995	140.759995	139.191727	642000
2014-03-14	139.929993	140.770004	138.630005	139.509995	137.955688	268600
2014-03-17	140.710007	142.610001	139.910004	141.839996	140.259735	411800
2014-03-18	142.089996	143.889999	141.149994	143.279999	141.683685	231300
2014-03-19	143.039993	143.699997	139.839996	141.479996	139.903748	273300
2014-03-20	141.320007	142.429993	140.470001	141.559998	139.982834	218500
2014-03-21	141.169998	142.449997	139.320007	139.490005	137.935928	543500
2014-03-24	139.500000	140.610001	135.690002	139.399994	137.846909	398300
2014-03-25	140.089996	140.649994	138.300003	139.460007	137.906250	465500
2014-03-26	141.110001	141.110001	134.169998	134.220001	132.724609	479500
2014-03-27	133.660004	133.789993	127.220001	128.149994	126.722252	1226100
2014-03-28	128.750000	132.710007	128.000000	130.220001	128.769211	484900
2014-03-31	131.509995	133.630005	130.309998	132.570007	131.093018	437200
2014-04-01	132.720001	134.130005	131.889999	133.460007	131.973083	661800
2014-04-02	128.949997	140.309998	126.489998	137.750000	136.215286	1337600
2014-04-03	140.660004	140.660004	132.070007	133.630005	132.141190	638500
2014-04-04	135.190002	135.210007	130.869995	131.419998	129.955795	565200
2014-04-07	131.940002	132.729996	127.000000	127.150002	125.733383	951900
2014-04-08	127.480003	128.250000	125.260002	126.860001	125.446632	783300
2014-04-09	127.260002	127.809998	125.330002	126.940002	125.525719	516000
2014-04-10	127.239998	127.739998	122.019997	122.400002	121.036324	601900
2014-04-11	121.150002	126.029999	120.889999	123.559998	122.183380	618000
2014-04-14	125.059998	125.239998	121.540001	122.489998	121.125298	342000
2014-04-15	122.470001	124.320000	119.019997	123.550003	122.303307	491300
2014-04-16	124.860001	127.250000	124.150002	126.260002	124.985954	505400
2014-04-17	125.410004	127.320000	124.430000	125.989998	124.718689	562300
2014-04-21	126.190002	127.720001	125.589996	127.629997	126.342140	287300
2014-04-22	127.550003	128.669998	126.410004	126.739998	125.461105	319800
2014-04-23	126.320000	127.540001	124.110001	127.339996	126.055054	542100
2014-04-24	128.149994	128.149994	124.970001	125.489998	124.223709	248900
2014-04-25	124.940002	124.940002	122.650002	123.910004	122.659668	258700
2014-04-28	124.709999	125.669998	120.889999	122.660004	121.422295	255500
2014-04-29	122.949997	124.120003	122.419998	123.910004	122.659668	259100
2014-04-30	123.419998	124.889999	122.449997	124.570000	123.313019	301900
2014-05-01	124.750000	126.160004	122.809998	123.629997	122.382500	282000
2014-05-02	124.010002	125.739998	123.400002	123.750000	122.501297	205000
2014-05-05	122.580002	124.879997	121.589996	124.339996	123.085335	299600
2014-05-06	123.870003	124.129997	122.139999	122.610001	121.372780	261600
2014-05-07	122.750000	123.480003	119.669998	121.809998	120.580856	488200
2014-05-08	121.470001	123.900002	118.930000	119.239998	118.036812	531100
2014-05-09	118.510002	119.970001	116.769997	119.930000	118.719826	597300
2014-05-12	120.769997	123.099998	119.949997	122.349998	121.115402	568000
2014-05-13	122.290001	123.279999	122.059998	122.400002	121.164909	503700
2014-05-14	122.050003	122.510002	120.440002	120.949997	119.729538	430700
2014-05-15	120.029999	120.610001	118.699997	119.830002	118.620857	760300
2014-05-16	119.650002	121.629997	119.250000	121.550003	120.323486	306600
2014-05-19	121.419998	122.919998	120.919998	122.000000	120.768936	226000
2014-05-20	121.620003	122.160004	119.529999	120.550003	119.333588	523200
2014-05-21	121.300003	122.940002	121.050003	122.559998	121.323288	351700
2014-05-22	122.480003	124.320000	122.000000	123.699997	122.451782	227500
2014-05-23	123.690002	124.860001	123.269997	124.650002	123.392197	197100
2014-05-27	125.139999	127.019997	124.410004	126.250000	124.976059	251500
2014-05-28	125.739998	126.080002	124.690002	124.779999	123.520882	314700
2014-05-29	125.199997	125.790001	124.080002	125.570000	124.302925	182100
2014-05-30	125.769997	125.779999	124.339996	125.510002	124.243515	336500
2014-06-02	125.500000	125.870003	124.269997	125.559998	124.293022	299200
2014-06-03	124.879997	125.820000	124.330002	124.879997	123.619865	225400
2014-06-04	124.379997	125.519997	123.739998	124.879997	123.619865	173700
2014-06-05	124.870003	128.199997	124.480003	128.020004	126.728195	234500
2014-06-06	128.729996	131.250000	127.889999	130.820007	129.499954	389200
2014-06-09	130.429993	133.389999	130.160004	132.619995	131.281799	282300
2014-06-10	132.240005	132.240005	130.699997	131.149994	129.826614	254600
2014-06-11	130.270004	131.279999	129.729996	131.119995	129.796906	191000
2014-06-12	130.619995	131.570007	127.790001	128.220001	126.926170	408900
2014-06-13	128.610001	129.449997	127.809998	128.929993	127.629005	227900
2014-06-16	128.380005	129.600006	128.100006	129.529999	128.222961	239200
2014-06-17	129.199997	132.460007	128.869995	131.949997	130.618515	390100
2014-06-18	131.610001	132.800003	130.910004	132.740005	131.400558	219200
2014-06-19	133.429993	134.690002	131.600006	134.610001	133.251724	570900
2014-06-20	134.610001	135.500000	133.520004	135.399994	134.033722	545300
2014-06-23	135.389999	135.679993	134.229996	134.660004	133.301178	391800
2014-06-24	134.050003	136.240005	133.649994	134.080002	132.727066	450100
2014-06-25	133.589996	136.360001	133.589996	136.130005	134.756348	420500
2014-06-26	135.979996	138.210007	134.270004	137.130005	135.746262	570100
2014-06-27	136.130005	137.570007	135.740005	136.309998	134.934540	3800900
2014-06-30	136.309998	138.460007	135.509995	138.250000	136.854965	665300
2014-07-01	129.869995	132.509995	117.330002	117.620003	116.433144	3692100
2014-07-02	116.599998	119.989998	113.150002	119.510002	118.304077	1293300
2014-07-03	119.669998	120.989998	117.959999	118.879997	117.680412	568600
2014-07-07	119.400002	120.480003	119.000000	119.430000	118.224869	966100
2014-07-08	118.930000	119.459999	114.680000	115.760002	114.591911	618300
2014-07-09	116.209999	116.510002	114.410004	115.400002	114.235542	472700
2014-07-10	113.889999	114.870003	113.360001	113.550003	112.404198	413900
2014-07-11	113.160004	114.529999	112.330002	114.160004	113.008057	492600
2014-07-14	114.820000	115.410004	113.370003	113.480003	112.334930	374100
2014-07-15	113.690002	114.580002	112.919998	113.080002	111.938942	310700
2014-07-16	113.430000	114.129997	112.110001	113.440002	112.424568	317300
2014-07-17	112.629997	113.570000	110.940002	111.400002	110.402832	531200
2014-07-18	111.519997	114.879997	111.519997	114.650002	113.623741	405900
2014-07-21	114.110001	114.589996	111.760002	112.489998	111.483078	404000
2014-07-22	113.410004	114.720001	112.849998	114.360001	113.336334	279200
2014-07-23	114.489998	114.940002	113.540001	114.000000	112.979561	334400
2014-07-24	113.879997	114.800003	112.279999	112.589996	111.582153	297200
2014-07-25	112.320000	113.120003	111.129997	112.889999	111.879501	225800
2014-07-28	113.120003	113.120003	111.419998	111.470001	110.472191	298600
2014-07-29	111.449997	111.949997	109.760002	109.849998	108.866692	307500
2014-07-30	110.110001	110.440002	108.800003	109.410004	108.430641	448400
2014-07-31	108.629997	109.489998	107.070000	107.269997	106.309807	411900
2014-08-01	107.339996	108.010002	104.690002	107.500000	106.537735	461100
2014-08-04	107.519997	109.209999	107.250000	109.070000	108.093689	317500
2014-08-05	108.150002	110.239998	108.150002	110.050003	109.064911	322400
2014-08-06	109.330002	110.839996	109.120003	110.110001	109.124374	234400
2014-08-07	110.220001	110.809998	109.519997	110.750000	109.758659	411400
2014-08-08	111.070000	112.790001	110.599998	112.550003	111.542549	507300
2014-08-11	113.510002	115.629997	112.980003	114.320000	113.296692	312900
2014-08-12	113.629997	115.010002	113.320000	114.059998	113.039024	398700
2014-08-13	114.320000	116.059998	114.320000	115.959999	114.922005	326300
2014-08-14	116.010002	117.209999	115.540001	117.010002	115.962608	259400
2014-08-15	117.790001	117.790001	116.779999	117.309998	116.259941	316700
2014-08-18	118.250000	119.959999	117.970001	119.930000	118.856476	235100
2014-08-19	119.930000	121.209999	119.360001	121.040001	119.956535	220700
2014-08-20	120.910004	121.489998	120.040001	121.410004	120.323227	225300
2014-08-21	121.279999	123.099998	120.290001	122.540001	121.443115	352100
2014-08-22	122.440002	122.599998	121.139999	121.500000	120.412415	278200
2014-08-25	122.419998	123.279999	121.470001	122.080002	120.987221	219400
2014-08-26	122.180000	123.269997	121.900002	122.839996	121.740425	241800
2014-08-27	123.199997	123.650002	122.699997	123.599998	122.493629	174200
2014-08-28	123.300003	123.830002	122.809998	123.720001	122.612556	214900
2014-08-29	123.019997	124.610001	122.889999	123.879997	122.771111	176900
2014-09-02	124.449997	125.889999	123.989998	125.070000	123.950462	300800
2014-09-03	124.970001	125.230003	122.400002	122.809998	121.710701	255600
2014-09-04	123.300003	124.169998	122.610001	123.139999	122.037750	207000
2014-09-05	122.370003	123.589996	121.949997	123.080002	121.978279	311800
2014-09-08	122.879997	123.690002	122.250000	122.419998	121.324173	329800
2014-09-09	122.589996	123.800003	122.370003	122.419998	121.324173	214000
2014-09-10	122.239998	123.050003	121.489998	122.570000	121.472839	203700
2014-09-11	122.139999	123.349998	121.900002	123.040001	121.938637	204900
2014-09-12	123.389999	123.400002	122.629997	123.000000	121.899010	160300
2014-09-15	124.410004	125.169998	123.370003	124.279999	123.167542	504300
2014-09-16	123.940002	124.669998	122.750000	124.160004	123.048599	495700
2014-09-17	124.169998	125.040001	123.570000	124.459999	123.345924	305800
2014-09-18	124.919998	125.660004	124.250000	125.620003	124.495544	261400
2014-09-19	125.820000	125.949997	124.529999	124.980003	123.861275	393300
2014-09-22	125.379997	125.680000	121.099998	121.629997	120.541252	374300
2014-09-23	121.139999	123.440002	121.070000	122.309998	121.215164	270700
2014-09-24	122.559998	123.769997	121.989998	123.120003	122.017929	246700
2014-09-25	122.430000	122.760002	120.730003	120.940002	119.857430	306900
2014-09-26	121.410004	121.739998	120.029999	121.419998	120.333130	383900
2014-09-29	120.080002	120.830002	119.059998	119.959999	118.886200	507000
2014-09-30	119.769997	120.410004	117.190002	117.709999	116.656349	758600
2014-10-01	125.000000	134.740005	121.849998	130.619995	129.450775	1764200
2014-10-02	130.800003	134.250000	130.000000	133.020004	131.829285	793000
2014-10-03	133.919998	135.139999	133.550003	133.949997	132.750992	555400
2014-10-06	134.539993	135.710007	132.979996	133.020004	131.829285	448200
2014-10-07	132.000000	133.449997	131.070007	131.470001	130.293198	328800
2014-10-08	131.559998	132.169998	129.949997	131.979996	130.798615	489800
2014-10-09	133.779999	135.419998	128.520004	128.990005	127.835381	718100
2014-10-10	129.289993	129.820007	126.620003	126.639999	125.506409	418200
2014-10-13	126.680000	128.080002	123.430000	123.779999	122.672020	384300
2014-10-14	124.510002	125.190002	122.459999	124.620003	123.504494	450800
2014-10-15	123.220001	126.000000	121.230003	124.629997	123.643379	615800
2014-10-16	123.000000	127.169998	122.110001	126.720001	125.716858	468700
2014-10-17	128.750000	131.529999	128.059998	128.580002	127.562111	476900
2014-10-20	128.300003	130.160004	128.300003	130.100006	129.070068	377800
2014-10-21	130.360001	134.610001	130.360001	134.440002	133.375702	279300
2014-10-22	134.389999	135.000000	131.440002	131.669998	130.627640	279900
2014-10-23	133.250000	134.779999	132.669998	133.539993	132.482849	375600
2014-10-24	133.039993	134.690002	132.100006	134.559998	133.494781	332900
2014-10-27	134.990005	135.779999	133.770004	135.630005	134.556335	351200
2014-10-28	136.149994	140.440002	136.000000	138.410004	137.314331	648100
2014-10-29	138.649994	139.070007	136.350006	137.960007	136.867859	313400
2014-10-30	137.470001	138.580002	135.619995	138.320007	137.225021	383300
2014-10-31	139.710007	139.899994	138.529999	139.429993	138.326202	407500
2014-11-03	139.899994	140.279999	137.669998	138.270004	137.175415	291500
2014-11-04	138.470001	139.509995	137.220001	138.289993	137.195236	240100
2014-11-05	138.789993	139.529999	137.330002	138.889999	137.790497	351100
2014-11-06	138.649994	140.820007	138.360001	140.729996	139.615952	290100
2014-11-07	140.550003	141.860001	139.880005	140.389999	139.278610	270600
2014-11-10	140.529999	141.440002	138.740005	139.880005	138.772675	157900
2014-11-11	140.009995	140.699997	137.990005	138.919998	137.820267	207400
2014-11-12	138.000000	139.009995	137.839996	138.710007	137.611954	217300
2014-11-13	138.740005	139.229996	137.869995	138.029999	136.937302	250400
2014-11-14	137.880005	139.259995	137.880005	138.289993	137.195236	142000
2014-11-17	137.800003	138.190002	136.860001	137.419998	136.332153	150600
2014-11-18	137.050003	139.289993	136.729996	138.619995	137.522644	209700
2014-11-19	138.619995	140.059998	137.300003	138.820007	137.721054	269400
2014-11-20	138.660004	141.929993	138.029999	141.529999	140.409607	225300
2014-11-21	143.479996	143.669998	141.490005	141.570007	140.449310	204700
2014-11-24	141.600006	143.059998	141.320007	142.509995	141.381821	284400
2014-11-25	142.080002	142.699997	140.669998	141.460007	140.340149	213400
2014-11-26	141.559998	142.240005	140.529999	141.070007	139.953232	99700
2014-11-28	141.130005	141.130005	137.929993	138.199997	137.105972	114300
2014-12-01	138.289993	138.389999	136.020004	137.029999	135.945236	193000
2014-12-02	137.449997	139.580002	137.080002	138.179993	137.086121	218700
2014-12-03	138.309998	140.600006	138.169998	139.750000	138.643692	321700
2014-12-04	139.369995	141.389999	138.970001	140.740005	139.625854	272900
2014-12-05	140.899994	141.710007	139.729996	140.229996	139.119888	210300
2014-12-08	139.610001	140.770004	136.929993	137.679993	136.590073	245400
2014-12-09	135.580002	137.869995	135.009995	137.669998	136.580170	228800
2014-12-10	137.009995	138.100006	132.919998	133.070007	132.016571	207200
2014-12-11	133.869995	135.360001	131.479996	131.750000	130.707016	376300
2014-12-12	130.520004	131.990005	128.949997	129.919998	128.891510	317000
2014-12-15	131.130005	131.380005	128.339996	129.169998	128.147491	284200
2014-12-16	129.300003	131.740005	128.229996	128.360001	127.343880	446300
2014-12-17	128.619995	133.059998	127.849998	132.979996	131.927277	299400
2014-12-18	134.229996	137.339996	133.500000	137.169998	136.084122	309700
2014-12-19	137.410004	138.610001	136.759995	137.380005	136.292450	437600
2014-12-22	137.380005	140.429993	137.009995	140.050003	138.941315	246100
2014-12-23	140.199997	141.169998	139.289993	139.479996	138.375839	127400
2014-12-24	139.630005	141.160004	139.309998	139.940002	138.832169	72300
2014-12-26	140.529999	140.929993	139.389999	139.660004	138.554413	103800
2014-12-29	139.669998	140.839996	138.690002	139.880005	138.772675	138600
2014-12-30	139.610001	141.720001	139.240005	141.199997	140.082230	171800
2014-12-31	141.520004	142.539993	139.910004	140.070007	138.961166	229800
2015-01-02	141.470001	142.600006	138.279999	139.880005	138.772675	267200
2015-01-05	138.750000	139.500000	136.080002	136.520004	135.439285	187500
2015-01-06	136.520004	136.889999	133.210007	134.809998	133.742783	304300
2015-01-07	136.470001	137.479996	135.300003	137.199997	136.113861	417000
2015-01-08	138.949997	142.279999	138.009995	142.000000	140.875885	526700
2015-01-09	151.320007	154.729996	148.979996	151.500000	150.300674	1142800
2015-01-12	154.699997	155.600006	150.130005	153.089996	151.878098	775300
2015-01-13	154.509995	155.970001	150.490005	152.960007	151.749146	467700
2015-01-14	151.070007	152.800003	149.619995	150.869995	149.675659	429000
2015-01-15	151.089996	152.050003	148.279999	148.869995	147.691498	486300
2015-01-16	148.600006	150.789993	146.949997	150.639999	149.578094	370500
2015-01-20	151.520004	152.029999	147.320007	150.000000	148.942612	400700
2015-01-21	150.139999	151.050003	148.380005	149.979996	148.922729	264200
2015-01-22	151.119995	151.479996	148.279999	150.649994	149.588058	397400
2015-01-23	150.500000	155.600006	149.919998	151.869995	150.799408	744700
2015-01-26	152.410004	155.000000	152.009995	154.089996	153.003784	318100
2015-01-27	151.570007	154.270004	151.509995	153.289993	152.209412	332000
2015-01-28	154.220001	154.250000	151.220001	151.679993	150.610779	209200
2015-01-29	152.000000	152.600006	149.839996	151.919998	150.849075	295000
2015-01-30	152.679993	153.240005	149.460007	149.889999	148.833389	467800
2015-02-02	151.059998	151.600006	148.320007	151.539993	150.471741	288400
2015-02-03	151.850006	154.350006	151.199997	154.279999	153.192459	550200
2015-02-04	153.839996	154.820007	152.550003	152.970001	151.891693	231400
2015-02-05	152.899994	155.000000	152.580002	154.059998	152.973999	154700
2015-02-06	154.029999	154.940002	152.970001	154.240005	153.152771	224100
2015-02-09	153.889999	157.789993	153.669998	157.669998	156.558548	613200
2015-02-10	159.169998	161.589996	157.820007	160.520004	159.388474	355300
2015-02-11	160.910004	161.750000	159.600006	160.889999	159.755859	294200
2015-02-12	162.139999	162.699997	161.330002	162.619995	161.473618	203900
2015-02-13	162.449997	163.619995	161.289993	163.399994	162.248123	380200
2015-02-17	163.139999	163.759995	160.389999	163.490005	162.337540	299100
2015-02-18	163.000000	164.130005	161.429993	161.809998	160.669373	419600
2015-02-19	161.440002	163.089996	160.000000	160.259995	159.130264	350000
2015-02-20	160.000000	160.660004	158.479996	160.179993	159.050858	444300
2015-02-23	160.160004	160.970001	159.559998	160.779999	159.646637	202400
2015-02-24	160.919998	162.589996	160.750000	161.410004	160.272171	200800
2015-02-25	161.589996	162.179993	159.309998	160.000000	158.872147	225600
2015-02-26	159.990005	160.529999	158.690002	159.250000	158.127411	325800
2015-02-27	159.669998	160.770004	158.479996	158.479996	157.362839	314600
2015-03-02	159.360001	162.089996	158.470001	161.000000	159.865082	385200
2015-03-03	160.660004	161.809998	159.130005	159.910004	158.782776	357000
2015-03-04	159.750000	160.380005	157.050003	159.660004	158.534515	305000
2015-03-05	160.139999	160.869995	159.059998	159.949997	158.822464	313600
2015-03-06	159.210007	160.070007	157.740005	158.570007	157.452209	312600
2015-03-09	159.410004	160.800003	158.179993	160.289993	159.160065	258600
2015-03-10	159.059998	161.570007	158.000000	159.080002	157.958618	269700
2015-03-11	158.940002	162.429993	158.729996	160.910004	159.775726	274700
2015-03-12	160.889999	161.850006	160.149994	161.139999	160.004074	141500
2015-03-13	161.089996	161.839996	157.910004	159.419998	158.296188	280900
2015-03-16	159.899994	161.970001	159.899994	161.919998	160.778595	285400
2015-03-17	161.610001	161.610001	160.369995	161.240005	160.103394	317300
2015-03-18	162.360001	168.339996	161.610001	167.110001	165.932007	390500
2015-03-19	166.509995	166.820007	164.100006	165.850006	164.680893	211600
2015-03-20	166.679993	168.610001	165.259995	168.169998	166.984543	419000
2015-03-23	167.800003	168.169998	164.029999	165.039993	163.876587	380300
2015-03-24	165.220001	166.110001	163.309998	164.160004	163.002792	331700
2015-03-25	164.410004	164.990005	161.690002	161.740005	160.599869	331400
2015-03-26	161.580002	167.369995	160.020004	165.910004	164.740448	385200
2015-03-27	166.750000	169.160004	165.880005	168.000000	166.815720	414200
2015-03-30	169.000000	172.759995	168.300003	172.570007	171.353531	782600
2015-03-31	171.949997	171.949997	168.139999	168.160004	166.974594	857500
2015-04-01	166.539993	172.000000	162.270004	168.089996	166.905106	1002600
2015-04-02	168.660004	169.389999	164.699997	166.639999	165.465317	745400
2015-04-06	165.460007	169.369995	165.009995	169.059998	167.868271	522300
2015-04-07	168.259995	168.979996	167.160004	167.729996	166.547623	299500
2015-04-08	168.279999	168.960007	166.729996	168.960007	167.768951	246300
2015-04-09	168.130005	169.669998	166.320007	167.279999	166.100830	272000
2015-04-10	167.300003	167.960007	165.559998	167.000000	165.822769	243800
2015-04-13	167.559998	169.570007	166.070007	166.610001	165.435532	206100
2015-04-14	166.440002	166.619995	164.360001	165.850006	164.680893	232300
2015-04-15	166.660004	169.440002	164.490005	168.839996	167.781326	292900
2015-04-16	168.570007	168.570007	166.600006	167.440002	166.390106	173700
2015-04-17	166.070007	166.380005	164.380005	165.619995	164.581528	210400
2015-04-20	166.830002	168.080002	166.089996	167.639999	166.588867	175600
2015-04-21	169.000000	169.589996	167.559998	168.220001	167.165237	149600
2015-04-22	167.910004	168.139999	166.199997	167.479996	166.429840	187400
2015-04-23	167.619995	168.660004	166.259995	167.779999	166.727966	228400
2015-04-24	167.910004	168.509995	166.779999	167.740005	166.688232	211900
2015-04-27	168.000000	168.669998	166.860001	167.440002	166.390106	205700
2015-04-28	166.539993	167.539993	164.509995	165.600006	164.561630	395500
2015-04-29	164.610001	169.740005	164.380005	169.029999	167.970139	477800
2015-04-30	168.949997	168.949997	166.360001	166.949997	165.903168	441200
2015-05-01	167.220001	170.750000	166.080002	170.360001	169.291809	270800
2015-05-04	170.070007	173.440002	170.070007	173.179993	172.094101	307700
2015-05-05	172.830002	174.940002	169.740005	170.320007	169.252060	315900
2015-05-06	170.839996	171.059998	168.080002	170.869995	169.798615	233500
2015-05-07	170.110001	172.679993	169.270004	171.380005	170.305405	188000
2015-05-08	173.360001	174.740005	172.369995	174.259995	173.167343	300100
2015-05-11	173.949997	176.690002	173.710007	175.360001	174.260437	269600
2015-05-12	174.779999	177.750000	172.320007	177.309998	176.198212	340700
2015-05-13	178.619995	183.500000	177.789993	179.990005	178.861389	950500
2015-05-14	181.009995	181.990005	179.050003	181.149994	180.014145	472500
2015-05-15	180.750000	183.380005	179.669998	183.020004	181.872437	321800
2015-05-18	182.429993	182.649994	179.509995	180.369995	179.239059	641600
2015-05-19	181.199997	182.809998	180.619995	181.520004	180.381821	393500
2015-05-20	182.000000	183.529999	181.259995	182.500000	181.355667	638800
2015-05-21	183.050003	183.369995	181.929993	182.440002	181.296021	253300
2015-05-22	181.979996	183.039993	181.490005	181.679993	180.540787	377700
2015-05-26	181.360001	182.990005	179.460007	180.240005	179.109833	558400
2015-05-27	181.320007	182.130005	177.639999	179.250000	178.126068	757600
2015-05-28	179.750000	180.679993	176.250000	178.600006	177.480133	588200
2015-05-29	178.860001	180.460007	175.460007	176.490005	175.383347	1823600
2015-06-01	177.419998	178.210007	174.600006	177.389999	176.277710	435200
2015-06-02	176.919998	179.740005	175.990005	178.509995	177.390686	268300
2015-06-03	178.330002	180.750000	178.070007	179.710007	178.583191	220700
2015-06-04	179.039993	180.039993	178.039993	178.389999	177.271469	196400
2015-06-05	177.929993	180.279999	176.619995	179.990005	178.861389	272800
2015-06-08	178.979996	179.720001	177.320007	177.490005	176.377106	245800
2015-06-09	177.240005	179.449997	176.529999	179.119995	177.996857	233500
2015-06-10	180.000000	181.300003	179.199997	179.690002	178.563309	248000
2015-06-11	179.820007	181.789993	179.039993	181.740005	180.600433	247800
2015-06-12	180.860001	181.850006	179.679993	181.570007	180.431519	278100
2015-06-15	180.350006	184.570007	179.500000	183.570007	182.418976	442300
2015-06-16	183.580002	184.429993	182.229996	183.190002	182.041367	261500
2015-06-17	183.899994	184.559998	181.470001	183.479996	182.329544	164900
2015-06-18	183.759995	185.639999	183.179993	184.899994	183.740631	271200
2015-06-19	185.429993	186.559998	185.039993	185.960007	184.794022	292300
2015-06-22	186.589996	187.649994	184.850006	185.380005	184.217636	240900
2015-06-23	185.679993	186.979996	184.169998	185.190002	184.028809	222100
2015-06-24	185.190002	185.690002	180.429993	181.029999	179.894882	337800
2015-06-25	181.429993	183.289993	180.020004	182.479996	181.335815	549600
2015-06-26	182.089996	183.000000	180.949997	182.270004	181.127106	375900
2015-06-29	180.179993	182.309998	179.000000	179.270004	178.145920	345700
2015-06-30	180.940002	182.220001	179.199997	179.979996	178.851501	533400
2015-07-01	186.419998	189.369995	183.000000	187.899994	186.721802	751500
2015-07-02	189.000000	189.199997	187.100006	189.000000	187.814926	467700
2015-07-06	187.300003	188.979996	186.089996	187.020004	185.847336	501300
2015-07-07	187.070007	189.710007	185.479996	189.139999	187.954025	471000
2015-07-08	187.429993	187.820007	185.889999	187.300003	186.125580	475500
2015-07-09	189.119995	190.000000	187.550003	187.809998	186.632370	415500
2015-07-10	189.440002	191.869995	188.300003	191.429993	190.229675	710700
2015-07-13	192.600006	194.000000	191.210007	193.580002	192.366211	498300
2015-07-14	193.600006	197.020004	193.300003	196.750000	195.516327	567300
2015-07-15	196.399994	196.399994	193.539993	194.110001	192.892899	688100
2015-07-16	195.020004	195.380005	193.039993	193.740005	192.654221	397400
2015-07-17	193.759995	194.600006	192.820007	193.889999	192.803391	336900
2015-07-20	195.039993	196.490005	194.149994	194.750000	193.658539	651700
2015-07-21	194.350006	194.350006	191.240005	192.270004	191.192459	488000
2015-07-22	191.259995	193.279999	191.259995	192.300003	191.222275	378700
2015-07-23	192.350006	193.399994	190.339996	191.539993	190.466553	376700
2015-07-24	191.580002	192.360001	190.779999	191.919998	190.844437	337400
2015-07-27	190.880005	192.699997	189.380005	191.550003	190.476501	352300
2015-07-28	191.970001	193.789993	191.220001	192.750000	191.669785	256400
2015-07-29	193.000000	196.750000	192.190002	196.570007	195.468369	274900
2015-07-30	195.880005	199.889999	194.979996	197.899994	196.790924	426400
2015-07-31	198.160004	202.029999	196.820007	201.190002	200.062454	655100
2015-08-03	201.679993	201.990005	199.429993	200.949997	199.823807	311600
2015-08-04	200.729996	205.699997	199.800003	204.449997	203.304184	501700
2015-08-05	206.309998	207.550003	205.279999	206.970001	205.810104	442200
2015-08-06	207.000000	207.380005	204.559998	205.320007	204.169342	496700
2015-08-07	205.339996	207.300003	203.809998	206.570007	205.412323	369400
2015-08-10	207.699997	210.979996	207.679993	210.009995	208.833054	348300
2015-08-11	208.399994	211.539993	206.550003	211.149994	209.966629	488600
2015-08-12	209.410004	209.979996	205.380005	208.250000	207.082901	529000
2015-08-13	207.839996	210.850006	207.660004	209.440002	208.266235	388000
2015-08-14	210.000000	211.820007	208.429993	210.880005	209.698166	323700
2015-08-17	210.500000	211.330002	208.009995	210.179993	209.002090	434300
2015-08-18	210.179993	211.619995	209.460007	209.539993	208.365677	312800
2015-08-19	208.210007	209.080002	206.210007	207.529999	206.366928	297100
2015-08-20	206.440002	207.279999	200.809998	201.059998	199.933212	416500
2015-08-21	199.800003	201.520004	197.020004	197.190002	196.084900	487000
2015-08-24	186.100006	194.820007	185.190002	188.000000	186.946396	880500
2015-08-25	192.630005	193.380005	186.289993	186.360001	185.315598	428100
2015-08-26	189.639999	191.039993	184.919998	189.360001	188.298767	583700
2015-08-27	191.850006	195.809998	189.589996	195.660004	194.563477	413700
2015-08-28	195.380005	199.020004	194.419998	198.029999	196.920166	353100
2015-08-31	197.839996	198.360001	194.679993	194.869995	193.777878	322900
2015-09-01	191.000000	194.270004	191.000000	191.979996	190.904083	356400
2015-09-02	194.679993	194.679993	191.250000	194.660004	193.569046	225300
2015-09-03	195.220001	198.580002	194.929993	195.949997	194.851822	243600
2015-09-04	193.770004	196.850006	193.320007	195.679993	194.583344	176400
2015-09-08	199.419998	201.940002	198.410004	201.779999	200.649170	245100
2015-09-09	203.800003	204.419998	199.550003	199.820007	198.700150	254600
2015-09-10	198.589996	198.839996	188.389999	190.149994	189.084351	856600
2015-09-11	189.029999	190.470001	186.000000	190.220001	189.153946	477100
2015-09-14	190.300003	191.500000	188.320007	189.860001	188.795990	264100
2015-09-15	190.960007	194.210007	189.690002	193.100006	192.017807	332800
2015-09-16	193.850006	194.750000	192.919998	194.410004	193.320465	756700
2015-09-17	194.899994	197.529999	193.190002	195.009995	193.917099	236000
2015-09-18	192.479996	193.979996	190.970001	191.350006	190.277634	1038400
2015-09-21	191.919998	194.399994	191.520004	193.520004	192.435471	206500
2015-09-22	191.360001	192.229996	187.600006	188.039993	186.986176	281600
2015-09-23	188.000000	188.570007	180.000000	180.929993	179.916016	1098000
2015-09-24	179.800003	179.979996	172.240005	173.559998	172.587326	1058300
2015-09-25	175.429993	178.970001	174.020004	176.160004	175.172745	726800
2015-09-28	174.899994	176.350006	168.330002	170.080002	169.126831	502700
2015-09-29	169.869995	173.380005	168.460007	169.869995	168.917969	377800
2015-09-30	171.889999	175.789993	171.779999	175.580002	174.596008	638700
2015-10-01	175.559998	177.570007	173.460007	175.309998	174.327515	452500
2015-10-02	173.740005	178.179993	171.350006	178.179993	177.181442	335900
2015-10-05	179.000000	181.300003	178.190002	179.839996	178.832108	446900
2015-10-06	180.520004	181.979996	175.080002	176.360001	175.371643	643000
2015-10-07	181.869995	184.789993	173.190002	182.880005	181.855087	1367300
2015-10-08	182.880005	198.309998	180.929993	195.979996	194.881653	1207500
2015-10-09	196.820007	202.199997	195.589996	201.509995	200.380676	881400
2015-10-12	201.550003	201.550003	196.669998	197.850006	196.741196	383700
2015-10-13	197.070007	199.289993	196.050003	197.289993	196.184357	403100
2015-10-14	197.210007	198.289993	195.039993	195.419998	194.324829	583900
2015-10-15	196.449997	200.009995	195.000000	199.589996	198.603561	280300
2015-10-16	199.210007	200.130005	198.259995	198.899994	197.916962	311300
2015-10-19	198.309998	201.929993	198.039993	201.429993	200.434464	373500
2015-10-20	200.179993	201.990005	199.509995	200.419998	199.429443	320400
2015-10-21	202.250000	207.699997	200.699997	206.350006	205.330139	612600
2015-10-22	207.070007	210.750000	205.169998	209.949997	208.912338	500300
2015-10-23	209.539993	211.699997	205.320007	209.000000	207.967041	549500
2015-10-26	209.529999	209.979996	205.410004	207.800003	206.772995	379400
2015-10-27	207.179993	209.350006	205.929993	209.059998	208.026749	434200
2015-10-28	209.289993	213.220001	207.369995	213.220001	212.166199	386900
2015-10-29	212.389999	213.619995	210.029999	211.910004	210.862671	299900
2015-10-30	213.110001	220.919998	212.250000	218.600006	217.519608	556300
2015-11-02	219.490005	219.919998	217.410004	218.899994	217.818100	454000
2015-11-03	218.000000	218.000000	213.929993	214.179993	213.121429	522500
2015-11-04	214.539993	217.000000	212.800003	217.000000	215.927505	512800
2015-11-05	217.000000	217.220001	214.570007	215.100006	214.036880	313300
2015-11-06	214.509995	214.929993	209.160004	210.610001	209.569061	638400
2015-11-09	210.000000	212.639999	208.000000	211.830002	210.783066	458500
2015-11-10	211.830002	213.110001	208.929993	212.210007	211.161194	271700
2015-11-11	212.839996	213.800003	210.919998	212.360001	211.310410	226000
2015-11-12	210.100006	212.779999	207.820007	209.250000	208.215820	301700
2015-11-13	208.220001	214.619995	207.720001	211.789993	210.743256	325100
2015-11-16	211.520004	218.979996	211.009995	218.270004	217.191238	461200
2015-11-17	218.899994	218.899994	214.839996	215.550003	214.484680	311500
2015-11-18	216.610001	225.860001	215.059998	225.229996	224.116821	451700
2015-11-19	226.130005	226.130005	223.000000	225.399994	224.285980	316700
2015-11-20	225.410004	227.490005	224.720001	226.360001	225.241257	212500
2015-11-23	226.100006	229.240005	226.000000	228.330002	227.201508	224300
2015-11-24	227.000000	228.979996	224.470001	226.160004	225.042236	358300
2015-11-25	227.789993	230.919998	225.970001	229.630005	228.495087	196000
2015-11-27	230.589996	231.990005	229.410004	231.589996	230.445404	134600
2015-11-30	233.289993	234.429993	230.229996	230.880005	229.738907	352600
2015-12-01	232.169998	233.740005	231.600006	233.220001	232.067352	217300
2015-12-02	232.520004	233.630005	229.669998	229.740005	228.604553	247900
2015-12-03	230.360001	231.470001	223.830002	225.520004	224.405411	345100
2015-12-04	225.669998	227.490005	223.570007	226.720001	225.599487	525100
2015-12-07	226.449997	228.509995	224.490005	227.630005	226.505005	246100
2015-12-08	225.460007	231.740005	224.000000	231.000000	229.858322	381800
2015-12-09	230.320007	233.559998	229.009995	230.080002	228.942886	488700
2015-12-10	230.259995	234.279999	228.389999	232.059998	230.913086	386400
2015-12-11	231.000000	236.940002	231.000000	234.059998	232.903183	446800
2015-12-14	233.750000	235.270004	229.869995	232.970001	231.818588	433700
2015-12-15	234.149994	234.500000	231.649994	233.350006	232.196701	299800
2015-12-16	234.369995	235.850006	232.320007	234.839996	233.679337	468800
2015-12-17	235.339996	236.320007	231.720001	232.699997	231.549896	267700
2015-12-18	232.869995	234.940002	231.770004	232.729996	231.579758	1262100
2015-12-21	233.470001	240.000000	232.270004	233.119995	231.967850	588700
2015-12-22	235.160004	238.240005	233.710007	238.009995	236.833664	523500
2015-12-23	239.669998	241.149994	238.020004	240.139999	238.953156	295200
2015-12-24	240.339996	241.360001	239.440002	240.080002	238.893433	126400
2015-12-28	239.300003	241.139999	238.080002	239.559998	238.376007	481200
2015-12-29	241.240005	241.899994	232.899994	236.779999	235.609756	511400
2015-12-30	236.149994	238.699997	235.039993	235.929993	234.763931	242600
2015-12-31	235.000000	240.630005	233.740005	233.800003	232.644485	268000
2016-01-04	231.539993	233.210007	228.309998	233.210007	232.057419	494300
2016-01-05	233.210007	237.880005	232.759995	236.169998	235.002747	356700
2016-01-06	233.270004	234.000000	226.559998	229.940002	228.803558	546700
2016-01-07	226.119995	229.610001	222.990005	223.839996	222.733688	611800
2016-01-08	223.000000	225.300003	204.559998	215.479996	214.415039	1929200
2016-01-11	218.869995	220.649994	203.699997	206.330002	205.310257	1065900
2016-01-12	208.850006	210.500000	205.610001	209.110001	208.076492	600900
2016-01-13	210.389999	210.639999	198.710007	199.570007	198.583633	659000
2016-01-14	199.509995	208.830002	199.460007	207.000000	205.976929	535600
2016-01-15	203.100006	205.960007	199.169998	203.059998	202.183365	619300
2016-01-19	204.839996	207.350006	202.910004	206.509995	205.618469	733200
2016-01-20	203.149994	205.289993	196.830002	202.240005	201.366928	708000
2016-01-21	202.190002	203.139999	195.699997	196.630005	195.781128	573900
2016-01-22	199.820007	203.270004	197.690002	199.570007	198.708450	509800
2016-01-25	198.750000	199.220001	192.149994	192.380005	191.549484	369700
2016-01-26	194.440002	197.080002	193.850006	194.720001	193.879379	543000
2016-01-27	193.619995	197.820007	192.850006	194.279999	193.441284	301600
2016-01-28	196.100006	197.500000	188.740005	189.779999	188.960709	544000
2016-01-29	190.100006	202.479996	189.580002	202.429993	201.556091	824700
2016-02-01	199.899994	202.100006	198.770004	200.160004	199.295898	442600
2016-02-02	199.050003	199.050003	195.919998	196.500000	195.651688	461000
2016-02-03	198.250000	198.500000	193.000000	194.360001	193.520935	595100
2016-02-04	193.300003	199.639999	192.800003	195.470001	194.626144	415700
2016-02-05	194.910004	195.589996	182.850006	184.350006	183.554169	776200
2016-02-08	181.289993	182.729996	174.869995	177.220001	176.454941	809900
2016-02-09	175.369995	183.500000	173.889999	180.009995	179.232880	535700
2016-02-10	180.740005	184.330002	180.740005	183.059998	182.269699	543200
2016-02-11	179.490005	179.490005	169.419998	175.130005	174.373962	1076700
2016-02-12	176.949997	180.899994	175.250000	179.679993	178.904297	677900
2016-02-16	182.220001	186.550003	181.009995	185.889999	185.087479	532700
2016-02-17	187.149994	195.919998	187.149994	194.839996	193.998856	811900
2016-02-18	195.770004	196.789993	192.820007	194.289993	193.451218	467000
2016-02-19	192.970001	193.880005	188.089996	191.059998	190.235184	525700
2016-02-22	193.100006	198.199997	193.100006	197.520004	196.667313	572300
2016-02-23	196.470001	199.470001	196.050003	197.220001	196.368591	462200
2016-02-24	194.199997	196.910004	191.949997	196.750000	195.900620	404700
2016-02-25	199.009995	204.589996	197.919998	204.470001	203.587280	487100
2016-02-26	205.960007	209.649994	205.529999	208.740005	207.838867	450500
2016-02-29	208.960007	211.289993	207.449997	209.429993	208.525879	571400
2016-03-01	210.839996	218.070007	210.029999	217.050003	216.112976	755100
2016-03-02	217.259995	220.429993	214.160004	220.360001	219.408707	446200
2016-03-03	219.619995	222.199997	216.179993	222.130005	221.171082	570800
2016-03-04	222.419998	222.850006	217.690002	220.300003	219.348953	543100
2016-03-07	219.589996	221.119995	212.509995	215.289993	214.360580	670600
2016-03-08	213.380005	216.720001	211.690002	214.130005	213.205582	515000
2016-03-09	214.800003	217.089996	212.309998	214.270004	213.344986	284400
2016-03-10	214.449997	216.380005	209.059998	212.529999	211.612503	336200
2016-03-11	213.809998	216.169998	212.210007	215.649994	214.719009	341100
2016-03-14	213.600006	216.660004	213.600006	215.929993	214.997833	338300
2016-03-15	213.279999	219.830002	213.279999	218.089996	217.148499	436000
2016-03-16	218.110001	223.679993	218.029999	222.910004	221.947693	411800
2016-03-17	222.449997	225.179993	219.619995	224.619995	223.650284	668200
2016-03-18	224.270004	224.270004	218.580002	220.240005	219.289230	1189500
2016-03-21	220.240005	221.089996	218.619995	221.039993	220.085754	459400
2016-03-22	218.869995	223.860001	218.869995	220.750000	219.797012	277300
2016-03-23	220.820007	221.559998	217.539993	217.800003	216.859726	229800
2016-03-24	217.429993	220.399994	212.929993	214.910004	213.982224	449200
2016-03-28	215.029999	217.740005	212.600006	215.520004	214.589600	324300
2016-03-29	215.110001	218.399994	212.949997	218.369995	217.427277	415000
2016-03-30	220.000000	220.369995	214.910004	216.350006	215.416016	370400
2016-03-31	215.229996	218.399994	214.119995	218.139999	217.198273	618600
2016-04-01	216.070007	223.869995	215.490005	223.339996	222.375809	463000
2016-04-04	222.320007	223.169998	218.029999	220.169998	219.219498	507000
2016-04-05	217.470001	226.679993	217.470001	225.000000	224.028671	940400
2016-04-06	246.000000	255.139999	239.080002	254.850006	253.749817	1599600
2016-04-07	254.779999	258.119995	245.240005	248.300003	247.228088	1303900
2016-04-08	250.940002	252.179993	246.199997	250.119995	249.040207	580100
2016-04-11	251.000000	253.529999	247.399994	248.169998	247.098633	467300
2016-04-12	250.059998	253.759995	248.289993	249.830002	248.751480	352300
2016-04-13	252.710007	257.130005	250.589996	256.589996	255.482254	522800
2016-04-14	256.049988	256.959991	252.759995	254.929993	253.958115	385600
2016-04-15	255.289993	256.880005	253.589996	256.690002	255.711411	287300
2016-04-18	255.729996	260.480011	255.610001	258.279999	257.295349	285600
2016-04-19	259.329987	259.890015	257.000000	259.540009	258.550537	232100
2016-04-20	260.000000	260.829987	257.200012	257.570007	256.588074	278300
2016-04-21	257.570007	258.750000	254.020004	255.600006	254.625565	334800
2016-04-22	254.839996	257.369995	254.509995	256.029999	255.053909	383200
2016-04-25	256.089996	256.250000	252.009995	252.899994	251.935852	390300
2016-04-26	253.729996	256.670013	253.000000	256.480011	255.502213	318400
2016-04-27	256.209991	257.929993	253.850006	254.669998	253.699112	648600
2016-04-28	252.889999	255.589996	245.389999	246.270004	245.331116	603300
2016-04-29	245.929993	246.800003	239.399994	243.889999	242.960220	685200
2016-05-02	245.350006	245.820007	242.500000	245.190002	244.255264	8821500
2016-05-03	244.949997	245.470001	241.550003	242.300003	241.376266	636400
2016-05-04	240.490005	243.979996	240.000000	242.179993	241.256714	401800
2016-05-05	243.089996	245.990005	242.419998	243.949997	243.019974	404000
2016-05-06	243.639999	245.509995	242.899994	245.509995	244.574020	285500
2016-05-09	245.000000	250.160004	245.000000	248.809998	247.861465	414500
2016-05-10	248.940002	252.649994	248.940002	252.360001	251.397934	391200
2016-05-11	251.979996	254.820007	250.490005	251.929993	250.969559	336100
2016-05-12	253.770004	255.039993	250.000000	252.050003	251.089096	265600
2016-05-13	250.880005	253.080002	246.240005	247.339996	246.397034	330100
2016-05-16	247.350006	253.389999	247.350006	251.520004	250.561127	373400
2016-05-17	251.779999	251.779999	246.360001	247.619995	246.675995	374900
2016-05-18	247.539993	251.059998	246.649994	248.369995	247.423126	327300
2016-05-19	246.250000	247.410004	243.190002	245.899994	244.962540	268400
2016-05-20	247.979996	252.600006	246.080002	250.839996	249.883698	347000
2016-05-23	250.429993	252.889999	249.919998	250.940002	249.983353	271900
2016-05-24	252.300003	258.220001	250.100006	256.179993	255.203354	360400
2016-05-25	257.019989	258.269989	254.429993	255.800003	254.824799	263500
2016-05-26	256.540009	257.660004	253.839996	255.130005	254.157364	215100
2016-05-27	256.130005	257.089996	255.119995	256.209991	255.233215	144900
2016-05-31	257.320007	264.000000	257.320007	259.040009	258.052460	706700
2016-06-01	258.779999	258.779999	254.169998	255.139999	254.167313	419500
2016-06-02	253.880005	255.529999	252.270004	255.529999	254.555817	310700
2016-06-03	253.369995	255.009995	251.080002	254.690002	253.719040	261500
2016-06-06	254.889999	255.660004	251.970001	252.050003	251.089096	354500
2016-06-07	252.559998	258.450012	252.289993	258.140015	257.155884	418000
2016-06-08	258.549988	260.260010	257.079987	259.450012	258.460907	245000
2016-06-09	257.290009	259.929993	256.709991	258.399994	257.414856	251800
2016-06-10	256.630005	256.850006	251.070007	251.589996	250.630844	226500
2016-06-13	249.770004	255.490005	249.190002	251.029999	250.072968	288300
2016-06-14	249.949997	250.339996	245.600006	247.070007	246.128082	345900
2016-06-15	248.169998	251.070007	246.809998	249.470001	248.518921	239600
2016-06-16	247.259995	248.520004	246.330002	247.429993	246.486710	288900
2016-06-17	246.779999	248.190002	244.050003	244.580002	243.647583	485000
2016-06-20	248.720001	250.339996	246.740005	249.229996	248.279846	307700
2016-06-21	249.690002	251.419998	249.690002	250.210007	249.256134	254300
2016-06-22	250.210007	252.809998	249.199997	249.910004	248.957260	318000
2016-06-23	254.000000	255.000000	250.759995	254.889999	253.918259	258000
2016-06-24	244.539993	252.649994	244.539993	246.669998	245.729599	810800
2016-06-27	244.339996	245.179993	231.889999	232.919998	232.032028	531600
2016-06-28	236.070007	245.389999	235.070007	244.660004	243.727264	613000
2016-06-29	251.009995	252.899994	244.570007	246.610001	245.669830	835100
2016-06-30	248.410004	249.570007	245.440002	247.960007	247.014694	535700
2016-07-01	248.550003	253.779999	248.479996	250.250000	249.295975	319100
2016-07-05	248.229996	249.440002	244.000000	246.990005	246.048401	326900
2016-07-06	246.440002	251.449997	244.979996	251.240005	250.282181	277700
2016-07-07	252.369995	255.000000	251.660004	253.630005	252.663086	235500
2016-07-08	255.729996	265.100006	255.139999	264.619995	263.611176	528700
2016-07-11	265.649994	270.980011	265.609985	268.019989	266.998199	563100
2016-07-12	268.399994	270.869995	265.269989	267.790009	266.769104	400900
2016-07-13	268.910004	268.910004	259.859985	261.160004	260.164337	487300
2016-07-14	263.459991	267.339996	262.320007	265.279999	264.400269	359900
2016-07-15	266.000000	266.000000	264.059998	265.420013	264.539825	248400
2016-07-18	265.500000	266.600006	263.529999	263.690002	262.815552	242900
2016-07-19	263.489990	268.079987	263.489990	266.700012	265.815552	302200
2016-07-20	267.890015	269.049988	265.140015	267.820007	266.931885	256500
2016-07-21	266.649994	268.339996	263.809998	264.989990	264.111237	185000
2016-07-22	264.010010	265.350006	262.010010	264.959991	264.081299	138200
2016-07-25	264.250000	264.600006	261.779999	262.190002	261.320526	182000
2016-07-26	262.339996	263.000000	261.130005	262.820007	261.948425	198300
2016-07-27	263.980011	264.899994	260.339996	261.510010	260.642792	215500
2016-07-28	261.640015	264.420013	260.119995	263.649994	262.775635	148800
2016-07-29	263.399994	264.709991	261.579987	262.429993	261.559753	145600
2016-08-01	262.429993	263.149994	260.140015	262.089996	261.220825	150800
2016-08-02	261.390015	263.109985	257.119995	260.019989	259.157715	316400
2016-08-03	259.589996	265.950012	259.500000	264.500000	263.622864	212000
2016-08-04	265.000000	265.000000	262.250000	263.750000	262.875366	152000
2016-08-05	265.000000	268.149994	263.640015	267.690002	266.802277	186600
2016-08-08	268.750000	270.690002	267.250000	269.359985	268.466736	172700
2016-08-09	269.359985	271.339996	268.019989	270.040009	269.144470	165900
2016-08-10	269.959991	273.660004	268.880005	272.839996	271.935181	255000
2016-08-11	273.779999	276.160004	272.630005	275.140015	274.227570	247400
2016-08-12	275.329987	276.850006	273.250000	274.079987	273.171082	159300
2016-08-15	273.950012	276.410004	273.230011	276.000000	275.084747	171600
2016-08-16	274.799988	276.119995	273.579987	275.660004	274.745880	154000
2016-08-17	275.910004	275.910004	271.850006	275.279999	274.367096	213400
2016-08-18	275.459991	278.459991	274.000000	277.790009	276.868805	155800
2016-08-19	276.720001	279.049988	275.019989	277.559998	276.639526	168500
2016-08-22	277.000000	277.989990	276.200012	277.540009	276.619629	257600
2016-08-23	278.399994	280.890015	278.399994	279.149994	278.224304	154000
2016-08-24	278.500000	279.869995	274.829987	275.329987	274.416931	219300
2016-08-25	273.850006	276.440002	272.739990	273.709991	272.802307	220500
2016-08-26	274.869995	276.589996	271.399994	273.059998	272.154480	164800
2016-08-29	273.429993	275.809998	273.429993	274.769989	273.858795	267300
2016-08-30	275.010010	277.250000	272.859985	277.119995	276.200989	164500
2016-08-31	276.029999	278.209991	271.899994	275.119995	274.207672	215000
2016-09-01	275.140015	275.899994	272.149994	274.079987	273.171082	168600
2016-09-02	275.869995	276.690002	273.559998	274.000000	273.091339	252300
2016-09-06	274.579987	275.299988	270.070007	272.100006	271.197632	163600
2016-09-07	271.339996	271.519989	268.500000	270.500000	269.602966	245900
2016-09-08	269.720001	272.549988	269.429993	270.799988	269.901947	194400
2016-09-09	269.010010	269.380005	260.079987	261.399994	260.533112	493300
2016-09-12	259.440002	263.320007	257.220001	262.019989	261.151062	293900
2016-09-13	259.920013	260.619995	254.309998	259.420013	258.559723	284300
2016-09-14	259.109985	260.739990	257.380005	258.670013	257.812195	173900
2016-09-15	259.140015	265.160004	257.160004	264.339996	263.463348	326400
2016-09-16	262.600006	262.709991	260.119995	260.200012	259.337128	315300
2016-09-19	261.570007	265.640015	261.570007	262.730011	261.858704	247000
2016-09-20	264.000000	264.000000	253.470001	253.580002	252.739059	450100
2016-09-21	254.119995	259.600006	252.270004	258.920013	258.061401	426700
2016-09-22	261.000000	263.010010	260.010010	260.950012	260.084625	325000
2016-09-23	260.260010	261.239990	256.380005	259.750000	258.888611	331200
2016-09-26	258.540009	261.040009	257.899994	258.309998	257.453369	245800
2016-09-27	259.260010	263.399994	258.269989	262.070007	261.200928	242600
2016-09-28	262.359985	263.339996	259.760010	262.839996	261.968353	192900
2016-09-29	262.269989	263.880005	259.429993	260.410004	259.546417	208300
2016-09-30	262.820007	266.119995	258.769989	264.600006	263.722565	456900
2016-10-03	264.600006	267.079987	262.250000	263.519989	262.646088	272500
2016-10-04	262.880005	264.200012	253.690002	255.000000	254.154358	613200
2016-10-05	234.619995	249.699997	228.800003	242.990005	242.184189	2595500
2016-10-06	240.979996	245.770004	239.240005	243.970001	243.160919	916800
2016-10-07	243.479996	245.039993	240.410004	240.740005	239.941650	707900
2016-10-10	240.929993	243.809998	240.779999	243.789993	242.981537	556500
2016-10-11	243.539993	244.699997	239.229996	240.089996	239.293777	652900
2016-10-12	240.009995	245.100006	238.690002	244.649994	243.838669	460900
2016-10-13	242.919998	246.300003	242.009995	244.710007	243.898483	390300
2016-10-14	246.580002	250.850006	246.580002	248.020004	247.328903	540600
2016-10-17	247.350006	247.839996	241.960007	242.149994	241.475250	445600
2016-10-18	245.259995	246.869995	242.649994	246.479996	245.793182	360000
2016-10-19	245.919998	245.919998	242.210007	243.059998	242.382721	387000
2016-10-20	242.690002	243.199997	241.470001	242.149994	241.475250	254700
2016-10-21	239.380005	240.570007	238.449997	239.830002	239.161728	368800
2016-10-24	240.559998	242.479996	237.880005	239.759995	239.091919	655600
2016-10-25	238.100006	238.800003	233.330002	233.889999	233.238266	526100
2016-10-26	233.320007	233.979996	229.220001	231.339996	230.695358	379800
2016-10-27	231.429993	231.539993	225.419998	225.839996	225.210709	567200
2016-10-28	225.889999	228.380005	222.509995	223.100006	222.478348	585700
2016-10-31	225.009995	226.070007	223.399994	223.570007	222.947037	665100
2016-11-01	223.169998	224.880005	219.669998	220.600006	219.985306	764900
2016-11-02	220.000000	222.679993	217.289993	217.369995	216.764282	394500
2016-11-03	218.160004	220.550003	216.889999	219.229996	218.619125	376200
2016-11-04	220.479996	227.559998	220.149994	226.320007	225.689377	578300
2016-11-07	231.270004	233.000000	225.610001	226.649994	226.018433	472300
2016-11-08	225.320007	232.699997	224.429993	231.110001	230.466019	420100
2016-11-09	228.070007	244.740005	228.070007	241.649994	240.976639	943400
2016-11-10	242.440002	258.329987	242.440002	254.940002	254.229630	1195500
2016-11-11	253.449997	254.919998	249.149994	253.559998	252.853470	676100
2016-11-14	254.000000	257.350006	252.529999	256.179993	255.466156	692300
2016-11-15	256.369995	259.459991	254.210007	258.649994	257.929260	639300
2016-11-16	257.269989	261.429993	254.429993	256.529999	255.815216	607300
2016-11-17	257.019989	257.970001	251.199997	251.729996	251.028549	315500
2016-11-18	251.130005	252.339996	246.919998	248.960007	248.266281	406800
2016-11-21	249.899994	251.860001	248.990005	251.550003	250.849075	428700
2016-11-22	253.110001	253.910004	248.610001	253.630005	252.923279	444000
2016-11-23	254.000000	254.869995	252.009995	254.779999	254.070053	315000
2016-11-25	255.000000	257.940002	254.660004	257.529999	256.812408	159200
2016-11-28	255.850006	256.809998	249.429993	250.779999	250.081223	446300
2016-11-29	250.770004	253.800003	250.770004	252.160004	251.457367	427700
2016-11-30	252.979996	253.970001	251.000000	251.410004	250.709473	376300
2016-12-01	252.000000	255.449997	250.130005	251.460007	250.759338	339700
2016-12-02	251.729996	251.750000	249.690002	249.990005	249.293411	507700
2016-12-05	250.679993	253.529999	250.029999	252.320007	251.616928	456800
2016-12-06	252.729996	253.720001	250.490005	251.850006	251.148224	305300
2016-12-07	251.899994	254.550003	249.639999	254.259995	253.551498	387300
2016-12-08	250.490005	252.169998	246.479996	246.770004	246.082382	561600
2016-12-09	246.179993	251.779999	245.679993	248.830002	248.136642	499900
2016-12-12	247.839996	248.919998	245.000000	248.320007	247.628067	512700
2016-12-13	247.649994	249.889999	246.940002	249.339996	248.645218	340800
2016-12-14	248.880005	250.139999	243.899994	244.110001	243.429794	380000
2016-12-15	243.270004	246.309998	243.270004	243.830002	243.150589	344700
2016-12-16	244.029999	249.720001	244.029999	248.160004	247.468521	596800
2016-12-19	248.000000	249.149994	244.369995	245.570007	244.885742	357800
2016-12-20	241.539993	241.539993	229.360001	231.720001	231.074310	1039100
2016-12-21	230.860001	233.009995	228.070007	230.339996	229.698166	918400
2016-12-22	230.210007	234.660004	230.210007	232.300003	231.652710	491700
2016-12-23	232.690002	236.710007	232.690002	234.919998	234.265396	327700
2016-12-27	235.009995	236.419998	234.259995	235.589996	234.933533	220500
2016-12-28	236.429993	236.809998	230.470001	230.800003	230.156891	311000
2016-12-29	230.000000	232.839996	229.330002	232.789993	232.141327	321500
2016-12-30	233.690002	234.119995	229.940002	230.860001	230.216705	388000
2017-01-03	232.889999	237.759995	230.960007	234.190002	233.537445	689800
2017-01-04	234.250000	241.350006	234.250000	239.929993	239.261444	764800
2017-01-05	239.860001	241.600006	235.440002	238.669998	238.004959	433200
2017-01-06	239.429993	241.020004	236.419998	237.360001	236.698608	610300
2017-01-09	208.339996	212.690002	193.059998	202.509995	201.945709	4730200
2017-01-10	206.850006	210.559998	206.029999	208.940002	208.357803	1698200
2017-01-11	208.259995	210.320007	207.380005	210.320007	209.733963	717500
2017-01-12	209.979996	215.770004	208.000000	214.979996	214.380951	898200
2017-01-13	215.539993	216.690002	211.509995	215.179993	214.580399	968000
2017-01-17	214.220001	214.220001	208.860001	210.750000	210.162750	1168600
2017-01-18	210.130005	210.910004	205.929993	206.279999	205.705185	946700
2017-01-19	206.080002	207.000000	202.800003	206.449997	206.004562	746500
2017-01-20	208.800003	209.979996	206.830002	207.860001	207.411514	537800
2017-01-23	207.179993	208.910004	205.940002	207.369995	206.922562	496800
2017-01-24	208.000000	210.350006	207.020004	208.899994	208.449249	617200
2017-01-25	211.000000	212.300003	208.529999	210.720001	210.265335	705000
2017-01-26	210.940002	213.210007	210.210007	212.020004	211.562546	770000
2017-01-27	208.520004	212.000000	203.309998	205.360001	204.916901	2340800
2017-01-30	204.850006	204.919998	199.649994	204.850006	204.408020	1131300
2017-01-31	204.729996	208.509995	203.309998	207.229996	206.782867	603200
2017-02-01	206.679993	209.210007	204.919998	206.110001	205.665283	1045800
2017-02-02	204.949997	206.690002	203.589996	206.070007	205.625381	723400
2017-02-03	207.649994	208.889999	205.639999	206.350006	205.904785	352900
2017-02-06	205.250000	207.070007	203.970001	206.839996	206.393707	322900
2017-02-07	207.339996	207.399994	205.470001	206.690002	206.244034	367400
2017-02-08	206.630005	210.179993	206.550003	209.139999	208.688751	446600
2017-02-09	209.139999	213.710007	208.080002	212.169998	211.712219	665000
2017-02-10	211.750000	213.369995	210.270004	212.160004	211.702240	505700
2017-02-13	212.949997	216.179993	212.949997	214.550003	214.087082	623300
2017-02-14	214.270004	214.289993	209.339996	211.949997	211.492691	483500
2017-02-15	213.880005	217.869995	212.279999	216.479996	216.012909	1006600
2017-02-16	216.059998	218.699997	216.059998	218.490005	218.018600	785500
2017-02-17	217.270004	220.300003	216.029999	220.289993	219.814697	812400
2017-02-21	219.520004	225.360001	219.520004	223.229996	222.748337	1021200
2017-02-22	223.259995	223.990005	217.029999	217.529999	217.060654	877300
2017-02-23	218.779999	219.669998	217.389999	219.550003	219.076294	880500
2017-02-24	218.460007	218.720001	215.369995	218.130005	217.659363	595400
2017-02-27	218.770004	221.279999	217.160004	219.839996	219.365662	725900
2017-02-28	220.000000	220.000000	210.619995	211.300003	210.844101	896400
2017-03-01	213.300003	214.490005	211.220001	212.820007	212.360809	571900
2017-03-02	212.559998	214.940002	211.679993	214.009995	213.548233	532100
2017-03-03	213.979996	214.830002	209.029999	209.570007	209.117828	1014900
2017-03-06	207.550003	207.759995	203.899994	204.910004	204.467880	825500
2017-03-07	204.449997	205.979996	202.399994	205.410004	204.966797	765800
2017-03-08	205.210007	208.500000	205.160004	206.869995	206.423645	381100
2017-03-09	206.500000	208.789993	205.820007	208.229996	207.780716	937200
2017-03-10	210.100006	212.419998	208.720001	211.589996	211.133469	510500
2017-03-13	211.380005	211.759995	209.339996	210.199997	209.746460	611100
2017-03-14	208.470001	209.619995	205.449997	205.750000	205.306061	571700
2017-03-15	206.740005	207.839996	205.720001	207.350006	206.902618	648000
2017-03-16	207.479996	209.750000	206.419998	209.429993	208.978119	501800
2017-03-17	210.000000	210.000000	206.789993	208.339996	207.890472	447400
2017-03-20	208.009995	208.860001	205.250000	206.229996	205.785019	364900
2017-03-21	206.580002	207.449997	203.020004	203.250000	202.811462	839900
2017-03-22	202.729996	205.740005	199.089996	205.100006	204.657471	916100
2017-03-23	205.860001	205.899994	201.830002	202.339996	201.903427	516000
2017-03-24	202.119995	202.949997	199.919998	200.000000	199.568481	605100
2017-03-27	199.979996	199.979996	196.779999	198.589996	198.161514	1106700
2017-03-28	198.820007	204.960007	198.029999	202.350006	201.913391	771300
2017-03-29	201.029999	207.490005	201.029999	207.270004	206.822784	922200
2017-03-30	208.160004	208.240005	205.630005	206.559998	206.114319	378900
2017-03-31	205.080002	206.020004	203.779999	204.000000	203.559830	666500
2017-04-03	204.610001	209.179993	203.050003	204.059998	203.619705	994300
2017-04-04	204.059998	204.059998	172.110001	173.929993	173.554718	5598300
2017-04-05	173.139999	174.979996	170.000000	170.399994	170.032333	2377500
2017-04-06	170.500000	172.649994	169.529999	172.570007	172.197662	916200
2017-04-07	172.250000	174.470001	171.770004	173.119995	172.746460	1058600
2017-04-10	173.080002	177.399994	173.080002	176.410004	176.029373	1213700
2017-04-11	174.070007	177.889999	174.000000	177.679993	177.296616	813500
2017-04-12	177.820007	177.990005	173.360001	174.800003	174.550552	1067600
2017-04-13	174.600006	175.639999	172.720001	172.720001	172.473526	616900
2017-04-17	172.720001	175.779999	172.600006	175.070007	174.820175	720500
2017-04-18	174.729996	176.589996	173.720001	174.699997	174.450684	478000
2017-04-19	175.320007	177.800003	173.580002	174.220001	173.971375	649500
2017-04-20	175.470001	178.119995	174.050003	177.389999	177.136856	667700
2017-04-21	177.570007	179.130005	176.100006	177.649994	177.396484	615000
2017-04-24	180.000000	180.710007	176.779999	177.910004	177.656128	822100
2017-04-25	177.630005	178.449997	175.119995	176.320007	176.068405	859700
2017-04-26	176.919998	178.860001	175.899994	176.500000	176.248123	546700
2017-04-27	176.100006	178.149994	174.949997	176.850006	176.597626	537100
2017-04-28	177.210007	177.309998	175.240005	176.100006	175.848709	654500
2017-05-01	176.440002	177.050003	175.059998	176.080002	175.828735	570800
2017-05-02	176.479996	178.750000	175.500000	178.639999	178.385071	627600
2017-05-03	178.119995	179.720001	177.119995	177.309998	177.056976	655700
2017-05-04	177.399994	180.990005	177.399994	179.809998	179.553406	658300
2017-05-05	180.339996	185.320007	179.759995	185.199997	184.935715	758500
2017-05-08	185.089996	187.509995	185.089996	186.889999	186.623306	833400
2017-05-09	187.770004	192.529999	186.550003	191.369995	191.096909	997400
2017-05-10	190.059998	192.699997	188.100006	192.580002	192.305176	1291700
2017-05-11	193.919998	194.729996	188.389999	188.580002	188.310898	1285800
2017-05-12	187.399994	187.649994	170.160004	173.429993	173.182510	2189500
2017-05-15	174.679993	177.690002	173.149994	175.770004	175.519180	1318200
2017-05-16	175.399994	175.399994	171.690002	172.699997	172.453552	618400
2017-05-17	172.699997	172.699997	168.500000	169.449997	169.208176	629100
2017-05-18	169.759995	170.300003	167.889999	169.110001	168.868683	607700
2017-05-19	170.100006	170.320007	167.880005	169.240005	168.998489	698700
2017-05-22	170.000000	171.970001	169.449997	170.139999	169.897202	825100
2017-05-23	170.229996	170.839996	168.600006	169.729996	169.487793	794700
2017-05-24	169.880005	170.210007	167.089996	167.850006	167.610474	687100
2017-05-25	168.330002	168.330002	165.690002	166.309998	166.072678	612000
2017-05-26	165.600006	166.460007	163.869995	164.869995	164.634720	701400
2017-05-30	163.919998	164.820007	161.880005	162.779999	162.547714	902400
2017-05-31	162.539993	163.580002	157.330002	162.910004	162.677521	1259200
2017-06-01	163.289993	167.960007	162.220001	166.990005	166.751694	1155500
2017-06-02	167.050003	169.740005	166.759995	167.750000	167.510620	407900
2017-06-05	166.889999	168.600006	165.919998	168.160004	167.920029	568800
2017-06-06	168.649994	173.179993	167.559998	172.130005	171.884369	909200
2017-06-07	171.979996	174.320007	170.940002	173.009995	172.763107	690700
2017-06-08	173.009995	174.429993	170.929993	173.229996	172.982788	821300
2017-06-09	174.210007	179.009995	174.089996	177.179993	176.927155	817000
2017-06-12	176.880005	183.059998	176.699997	183.059998	182.798767	1018400
2017-06-13	183.410004	184.089996	178.289993	179.250000	178.994202	639100
2017-06-14	180.000000	180.839996	176.309998	180.619995	180.362244	752100
2017-06-15	179.889999	180.410004	176.570007	178.759995	178.504898	449100
2017-06-16	179.570007	179.759995	174.160004	176.490005	176.238144	692400
2017-06-19	176.429993	178.360001	175.479996	178.320007	178.065536	539100
2017-06-20	178.169998	178.279999	175.619995	176.110001	175.858688	393400
2017-06-21	176.550003	177.039993	173.770004	174.750000	174.500626	426800
2017-06-22	174.639999	179.050003	174.070007	176.759995	176.507751	550800
2017-06-23	176.460007	179.350006	175.979996	177.149994	176.897202	690700
2017-06-26	177.190002	178.910004	176.110001	176.559998	176.308029	589500
2017-06-27	176.559998	176.990005	174.770004	175.330002	175.079803	613800
2017-06-28	176.440002	181.250000	176.440002	179.729996	179.473526	1000000
2017-06-29	194.000000	204.000000	191.100006	198.520004	198.236710	2261600
2017-06-30	200.089996	204.949997	199.369995	203.279999	202.989914	1067600
2017-07-03	204.630005	205.979996	200.600006	203.070007	202.780212	514800
2017-07-05	202.580002	203.639999	198.300003	200.880005	200.593353	566300
2017-07-06	200.779999	201.839996	198.820007	199.020004	198.736008	540600
2017-07-07	199.679993	200.570007	197.410004	198.529999	198.246689	572200
2017-07-10	198.130005	199.979996	196.949997	198.429993	198.146820	694300
2017-07-11	197.570007	200.000000	197.199997	199.410004	199.125427	445800
2017-07-12	200.250000	201.600006	197.419998	198.179993	197.897186	355500
2017-07-13	199.199997	204.020004	198.250000	203.389999	203.099762	503300
2017-07-14	203.820007	207.479996	203.820007	204.699997	204.538620	851600
2017-07-17	203.970001	206.110001	201.610001	201.990005	201.830765	547300
2017-07-18	200.520004	202.050003	199.000000	201.750000	201.590942	396900
2017-07-19	201.850006	205.350006	201.850006	204.149994	203.989044	340100
2017-07-20	204.300003	204.740005	201.440002	203.500000	203.339569	391700
2017-07-21	202.820007	205.429993	202.270004	205.259995	205.098175	321800
2017-07-24	205.779999	207.270004	205.589996	206.679993	206.517044	393200
2017-07-25	208.119995	208.830002	206.050003	206.250000	206.087387	446800
2017-07-26	206.059998	207.279999	201.910004	202.949997	202.789993	498500
2017-07-27	202.940002	203.699997	201.380005	203.320007	203.159714	486200
2017-07-28	203.279999	205.130005	202.630005	204.110001	203.949081	326200
2017-07-31	205.000000	205.000000	201.380005	202.649994	202.490219	348600
2017-08-01	203.559998	203.559998	198.350006	200.949997	200.791565	535000
2017-08-02	200.039993	202.509995	199.929993	200.809998	200.651688	370600
2017-08-03	200.050003	201.910004	198.440002	200.000000	199.842316	259800
2017-08-04	200.020004	200.259995	197.759995	199.869995	199.712418	292700
2017-08-07	199.630005	199.710007	197.270004	197.759995	197.604080	365200
2017-08-08	197.750000	199.009995	196.410004	196.520004	196.365067	340200
2017-08-09	196.529999	197.190002	193.169998	193.880005	193.727158	362100
2017-08-10	193.000000	193.630005	184.919998	185.080002	184.934082	587000
2017-08-11	184.559998	186.070007	182.919998	185.690002	185.543610	375900
2017-08-14	187.050003	188.360001	183.899994	186.690002	186.542816	605000
2017-08-15	186.639999	186.639999	181.929993	182.139999	181.996399	329200
2017-08-16	182.940002	184.750000	182.699997	183.380005	183.235428	241500
2017-08-17	182.729996	185.580002	181.149994	181.149994	181.007172	658200
2017-08-18	180.350006	181.000000	178.199997	178.330002	178.189407	426900
2017-08-21	178.399994	178.500000	175.199997	176.720001	176.580673	577800
2017-08-22	177.229996	181.470001	176.750000	181.000000	180.857300	470500
2017-08-23	179.850006	180.250000	175.160004	175.889999	175.751328	510600
2017-08-24	176.809998	178.750000	175.199997	175.490005	175.351654	297200
2017-08-25	176.130005	179.509995	175.220001	176.750000	176.610657	278000
2017-08-28	177.300003	177.470001	174.639999	174.789993	174.652191	236400
2017-08-29	173.740005	174.470001	172.320007	173.990005	173.852829	316100
2017-08-30	173.970001	175.419998	173.440002	174.399994	174.262497	321100
2017-08-31	174.970001	178.410004	174.539993	176.789993	176.650620	510800
2017-09-01	176.830002	178.899994	176.830002	176.960007	176.820496	298600
2017-09-05	176.729996	177.449997	175.389999	176.559998	176.420807	289200
2017-09-06	177.300003	180.630005	176.639999	179.899994	179.758163	302600
2017-09-07	180.199997	180.990005	178.429993	179.320007	179.178635	391100
2017-09-08	179.110001	180.330002	177.429993	179.750000	179.608292	301000
2017-09-11	180.880005	181.059998	179.229996	179.949997	179.808121	489300
2017-09-12	180.259995	182.639999	179.619995	182.559998	182.416061	496000
2017-09-13	182.570007	182.570007	180.000000	180.529999	180.387665	432000
2017-09-14	180.160004	180.899994	175.399994	177.990005	177.849686	533700
2017-09-15	174.339996	174.860001	167.059998	170.500000	170.365585	1657600
2017-09-18	171.009995	171.990005	166.000000	167.830002	167.697693	787100
2017-09-19	162.559998	162.610001	153.279999	157.660004	157.535706	1577800
2017-09-20	157.850006	163.750000	157.850006	160.600006	160.473389	702700
2017-09-21	160.619995	162.279999	159.830002	161.419998	161.292740	420300
2017-09-22	161.500000	164.479996	159.750000	163.990005	163.860718	342000
2017-09-25	163.570007	168.619995	162.830002	165.809998	165.679276	552400
2017-09-26	165.440002	166.220001	164.070007	165.029999	164.899887	389200
2017-09-27	165.199997	169.789993	164.339996	168.679993	168.547012	479700
2017-09-28	167.839996	169.449997	167.639999	168.130005	167.997452	324000
2017-09-29	168.460007	172.210007	168.460007	171.279999	171.144958	529500
2017-10-02	171.830002	172.220001	169.119995	170.080002	169.945908	755700
2017-10-03	172.029999	172.679993	168.550003	169.660004	169.526245	659500
2017-10-04	163.250000	180.839996	158.000000	178.330002	178.189407	2663700
2017-10-05	176.740005	177.059998	171.500000	175.690002	175.551483	1220600
2017-10-06	175.080002	177.179993	173.600006	174.199997	174.062653	1017600
2017-10-09	173.000000	175.199997	170.460007	171.149994	171.015060	635600
2017-10-10	171.190002	172.570007	168.559998	168.789993	168.656921	725000
2017-10-11	168.699997	170.300003	162.460007	165.059998	164.929871	837500
2017-10-12	164.830002	166.199997	163.250000	165.440002	165.309570	663400
2017-10-13	165.750000	165.830002	162.039993	162.529999	162.401855	534100
2017-10-16	163.199997	166.830002	162.429993	164.889999	164.759995	447200
2017-10-17	164.220001	165.919998	162.339996	163.639999	163.639999	499300
2017-10-18	163.229996	164.270004	162.059998	162.169998	162.169998	565300
2017-10-19	161.369995	163.949997	159.839996	160.940002	160.940002	670300
2017-10-20	161.809998	162.449997	159.770004	160.899994	160.899994	544000
2017-10-23	161.289993	161.789993	159.240005	159.949997	159.949997	523900
2017-10-24	159.770004	160.169998	158.960007	159.000000	159.000000	760400
2017-10-25	159.119995	159.119995	155.220001	156.389999	156.389999	1279700
2017-10-26	157.179993	161.210007	155.009995	159.210007	159.210007	931500
2017-10-27	159.100006	159.479996	155.720001	158.690002	158.690002	557900
2017-10-30	157.949997	166.649994	157.399994	165.479996	165.479996	796900
2017-10-31	165.479996	169.750000	165.350006	167.199997	167.199997	692800
2017-11-01	167.889999	168.210007	164.869995	165.720001	165.720001	674200
2017-11-02	166.000000	166.570007	159.820007	161.229996	161.229996	617000
2017-11-03	161.169998	162.990005	157.940002	162.070007	162.070007	591800
2017-11-06	162.229996	166.839996	162.080002	166.070007	166.070007	360200
