2012-11-07	20.290001	20.549999	20.150000	20.230000	18.028372	13666200
2012-11-08	20.260000	20.360001	20.040001	20.040001	17.859043	9822000
2012-11-09	20.020000	20.100000	19.840000	19.879999	17.716455	18515400
2012-11-12	19.940001	20.120001	19.860001	19.959999	17.787750	6069500
2012-11-13	19.850000	20.200001	19.850000	19.900000	17.734282	6666500
2012-11-14	19.959999	20.030001	19.530001	19.590000	17.458019	9632400
2012-11-15	19.549999	19.670000	19.200001	19.370001	17.261963	8394700
2012-11-16	19.450001	19.450001	18.879999	19.010000	16.941141	15469900
2012-11-19	19.209999	19.680000	19.180000	19.680000	17.538227	8488900
2012-11-20	19.610001	19.690001	19.389999	19.520000	17.395636	6146800
2012-11-21	19.559999	19.559999	19.309999	19.370001	17.261963	5372100
2012-11-23	19.450001	19.709999	19.360001	19.709999	17.564962	5461200
2012-11-26	19.629999	20.020000	19.600000	20.010000	17.832312	9294100
2012-11-27	20.080000	20.270000	19.920000	20.010000	17.832312	10447900
2012-11-28	19.850000	19.879999	19.570000	19.780001	17.751541	10690500
2012-11-29	19.850000	19.959999	19.620001	19.840000	17.805391	8447800
2012-11-30	19.820000	19.940001	19.650000	19.760000	17.733593	9570100
2012-12-03	19.860001	19.920000	19.490000	19.570000	17.563078	7141600
2012-12-04	19.500000	19.770000	19.500000	19.639999	17.625896	7012700
2012-12-05	19.719999	20.280001	19.719999	20.160000	18.092573	11812800
2012-12-06	20.270000	20.309999	19.969999	20.250000	18.173340	9160800
2012-12-07	20.200001	20.250000	19.809999	19.910000	17.868210	13871600
2012-12-10	19.820000	20.049999	19.780001	19.930000	17.886154	9476800
2012-12-11	20.070000	20.070000	19.580000	19.590000	17.581026	10703400
2012-12-12	19.660000	19.730000	19.420000	19.639999	17.625896	16431400
2012-12-13	19.660000	19.910000	19.600000	19.740000	17.715643	8148900
2012-12-14	19.799999	20.040001	19.700001	19.770000	17.742567	8598300
2012-12-17	19.850000	20.000000	19.719999	19.910000	17.868210	6042600
2012-12-18	19.959999	20.270000	19.879999	20.240000	18.164371	8935900
2012-12-19	20.230000	20.250000	19.950001	20.010000	17.957956	10116200
2012-12-20	20.070000	20.190001	20.000000	20.100000	18.038725	10894300
2012-12-21	19.770000	20.030001	19.760000	19.950001	17.904110	12707500
2012-12-24	19.910000	19.959999	19.780001	19.850000	17.814365	3304900
2012-12-26	19.889999	19.950001	19.639999	19.700001	17.679747	5212300
2012-12-27	19.730000	19.740000	19.440001	19.620001	17.607952	8546400
2012-12-28	19.500000	19.650000	19.420000	19.430000	17.437435	4528100
2012-12-31	19.400000	19.740000	19.360001	19.730000	17.706673	6392000
2013-01-02	20.110001	20.410000	20.049999	20.170000	18.101545	12526900
2013-01-03	20.120001	20.670000	20.110001	20.360001	18.272062	7604200
2013-01-04	20.500000	21.040001	20.400000	20.940001	18.792580	9247400
2013-01-07	20.809999	20.830000	20.420000	20.459999	18.361809	10994000
2013-01-08	20.459999	20.530001	20.299999	20.510000	18.406681	8459200
2013-01-09	20.570000	20.760000	20.469999	20.540001	18.433603	8186400
2013-01-10	20.420000	20.580000	20.010000	20.540001	18.433603	20697700
2013-01-11	20.639999	20.670000	20.290001	20.540001	18.433603	6853200
2013-01-14	20.520000	20.780001	20.450001	20.650000	18.532320	6574700
2013-01-15	20.590000	20.809999	20.590000	20.780001	18.648989	5428500
2013-01-16	20.730000	20.900000	20.709999	20.820000	18.684887	4814300
2013-01-17	20.920000	20.969999	20.650000	20.889999	18.747705	7997300
2013-01-18	20.680000	21.170000	20.610001	20.910000	18.765659	15325900
2013-01-22	20.920000	21.000000	20.570000	20.809999	18.675915	12721900
2013-01-23	21.250000	21.830000	21.059999	21.680000	19.456699	18305400
2013-01-24	21.809999	22.240000	21.809999	22.090000	19.824650	14906300
2013-01-25	22.180000	22.450001	21.900000	22.240000	19.959269	11655600
2013-01-28	22.360001	22.420000	22.150000	22.320000	20.031059	8012900
2013-01-29	22.389999	22.670000	22.230000	22.520000	20.210550	9370400
2013-01-30	22.469999	22.559999	22.080000	22.129999	19.860548	9396500
2013-01-31	22.040001	22.219999	21.850000	22.030001	19.770805	7404100
2013-02-01	22.240000	22.240000	21.730000	21.920000	19.672083	9525000
2013-02-04	21.780001	21.950001	21.610001	21.650000	19.429770	7620300
2013-02-05	21.750000	21.770000	21.610001	21.639999	19.420795	6421000
2013-02-06	21.600000	21.760000	21.510000	21.570000	19.357979	8448600
2013-02-07	21.559999	21.730000	21.450001	21.719999	19.492586	6031900
2013-02-08	21.719999	21.969999	21.660000	21.969999	19.716951	7616500
2013-02-11	22.350000	22.740000	22.260000	22.650000	20.327219	15488400
2013-02-12	22.700001	22.709999	22.450001	22.639999	20.318241	8003500
2013-02-13	22.740000	22.940001	22.690001	22.870001	20.524660	6711800
2013-02-14	22.830000	22.940001	22.780001	22.930000	20.578505	5413800
2013-02-15	23.000000	23.000000	22.700001	22.790001	20.452866	7451600
2013-02-19	22.830000	23.080000	22.750000	23.080000	20.713123	7816600
2013-02-20	23.080000	23.100000	22.750000	22.820000	20.479786	8114000
2013-02-21	22.750000	22.760000	22.440001	22.549999	20.237474	6583200
2013-02-22	22.629999	22.959999	22.510000	22.860001	20.515688	6063400
2013-02-25	22.969999	23.049999	22.219999	22.219999	19.941315	8295300
2013-02-26	22.250000	22.309999	21.840000	22.139999	19.995506	9624300
2013-02-27	22.120001	22.910000	22.110001	22.799999	20.591579	9588600
2013-02-28	22.850000	23.080000	22.680000	22.940001	20.718018	7707700
2013-03-01	22.860001	23.049999	22.700001	22.969999	20.745106	6913000
2013-03-04	22.860001	23.200001	22.809999	23.150000	20.907673	8354500
2013-03-05	23.270000	23.719999	23.209999	23.580000	21.296028	8298200
2013-03-06	23.709999	23.799999	23.110001	23.200001	20.952831	9809900
2013-03-07	23.200001	23.320000	22.620001	22.709999	20.510296	13216600
2013-03-08	22.889999	23.150000	22.740000	22.990000	20.763174	12026700
2013-03-11	23.020000	23.480000	23.020000	23.340000	21.079275	8541800
2013-03-12	23.309999	23.480000	23.170000	23.379999	21.115398	8864600
2013-03-13	23.379999	23.590000	23.219999	23.580000	21.296028	7190300
2013-03-14	23.629999	23.889999	23.559999	23.860001	21.548906	8198600
2013-03-15	23.780001	24.270000	23.750000	24.020000	21.693409	11987800
2013-03-18	23.780001	24.299999	23.750000	23.940001	21.621157	7161400
2013-03-19	24.000000	24.090000	23.629999	23.950001	21.630188	7157800
2013-03-20	24.080000	24.330000	23.900000	24.299999	21.946285	8668500
2013-03-21	24.209999	24.209999	23.790001	23.920000	21.603100	7793600
2013-03-22	24.049999	24.139999	23.940001	24.030001	21.702436	4110800
2013-03-25	24.150000	24.270000	23.840000	23.889999	21.575996	5021500
2013-03-26	23.930000	24.190001	23.930000	24.139999	21.801785	5902300
2013-03-27	24.059999	24.410000	23.900000	24.350000	21.991446	7740000
2013-03-28	24.440001	24.670000	24.320000	24.629999	22.244320	6115000
2013-04-01	24.639999	24.690001	24.090000	24.200001	21.855974	5690700
2013-04-02	24.299999	24.530001	24.129999	24.190001	21.846945	7408000
2013-04-03	24.100000	24.290001	23.820000	23.950001	21.630188	8407900
2013-04-04	23.950001	23.969999	23.549999	23.770000	21.467627	7002900
2013-04-05	23.420000	23.920000	23.260000	23.840000	21.530846	6547600
2013-04-08	23.670000	24.000000	23.670000	23.950001	21.630188	5870800
2013-04-09	23.930000	24.090000	23.590000	23.900000	21.585032	7585800
2013-04-10	23.969999	24.270000	23.920000	24.240000	21.892101	4513200
2013-04-11	24.320000	24.400000	24.170000	24.280001	21.928225	5827300
2013-04-12	24.320000	24.650000	24.260000	24.510000	22.135944	7435000
2013-04-15	24.360001	24.389999	23.450001	23.469999	21.196680	8411300
2013-04-16	23.730000	24.420000	23.650000	24.139999	21.801785	12122100
2013-04-17	23.879999	24.059999	23.299999	23.510000	21.232807	12484600
2013-04-18	23.629999	23.959999	23.549999	23.760000	21.458593	10623300
2013-04-19	23.830000	23.850000	23.510000	23.700001	21.404406	7674100
2013-04-22	23.799999	23.910000	23.500000	23.799999	21.494713	5500800
2013-04-23	23.969999	24.030001	23.660000	23.799999	21.494713	6026600
2013-04-24	23.850000	24.020000	23.610001	23.990000	21.666315	5594900
2013-04-25	24.129999	24.420000	24.010000	24.299999	21.946285	6614900
2013-04-26	24.389999	24.450001	24.180000	24.370001	22.009502	4879000
2013-04-29	24.490000	24.690001	24.290001	24.610001	22.226259	4925000
2013-04-30	24.570000	24.610001	24.350000	24.590000	22.208197	5072200
2013-05-01	24.549999	24.590000	24.030001	24.070000	21.738565	6127800
2013-05-02	24.120001	24.540001	24.110001	24.309999	21.955318	3948100
2013-05-03	24.590000	24.980000	24.590000	24.809999	22.406889	5641400
2013-05-06	24.820000	25.260000	24.809999	25.230000	22.786205	6723600
2013-05-07	25.270000	25.330000	25.100000	25.330000	22.876522	4930400
2013-05-08	25.280001	25.650000	25.110001	25.629999	23.147459	6135800
2013-05-09	25.620001	25.740000	25.360001	25.430000	22.966837	7946100
2013-05-10	25.469999	25.540001	25.219999	25.430000	22.966837	6223900
2013-05-13	25.330000	25.430000	25.070000	25.309999	22.858456	4835900
2013-05-14	25.350000	25.799999	25.290001	25.760000	23.264870	6520600
2013-05-15	25.639999	26.000000	25.570000	25.900000	23.391308	5145500
2013-05-16	25.850000	25.940001	25.580000	25.700001	23.210684	5021000
2013-05-17	25.770000	26.000000	25.660000	25.920000	23.409372	5560100
2013-05-20	25.879999	26.200001	25.879999	26.120001	23.590002	4314900
2013-05-21	26.219999	26.360001	26.100000	26.139999	23.608059	4090100
2013-05-22	26.160000	26.309999	25.670000	25.760000	23.264870	5790500
2013-05-23	25.360001	25.420000	25.129999	25.350000	22.894585	7205100
2013-05-24	25.219999	25.549999	25.110001	25.500000	23.030058	4221900
2013-05-28	25.820000	25.990000	25.200001	25.299999	22.849428	10423000
2013-05-29	25.049999	25.540001	24.850000	25.190001	22.885769	8679900
2013-05-30	25.299999	25.660000	25.250000	25.459999	23.131067	4258900
2013-05-31	25.320000	25.820000	25.200001	25.209999	22.903940	6715200
2013-06-03	25.299999	25.410000	24.860001	25.180000	22.876686	5727000
2013-06-04	25.160000	25.440001	24.730000	24.740000	22.476931	9815400
2013-06-05	24.629999	24.660000	24.200001	24.219999	22.004496	8778200
2013-06-06	24.230000	24.750000	24.120001	24.730000	22.467846	9287100
2013-06-07	24.959999	25.340000	24.840000	25.020000	22.731318	7539100
2013-06-10	25.160000	25.309999	25.030001	25.080000	22.785831	6823500
2013-06-11	24.860001	25.200001	24.730000	24.770000	22.504185	6526900
2013-06-12	25.040001	25.110001	24.770000	24.850000	22.576870	7237700
2013-06-13	24.799999	25.110001	24.760000	25.059999	22.767662	6833300
2013-06-14	25.120001	25.440001	24.920000	24.940001	22.658634	7345500
2013-06-17	25.070000	25.110001	24.620001	24.840000	22.567787	8150600
2013-06-18	24.870001	25.290001	24.790001	25.290001	22.976620	4558900
2013-06-19	25.270000	25.340000	24.600000	24.600000	22.349741	7453100
2013-06-20	24.280001	24.280001	23.799999	23.959999	21.768280	12476500
2013-06-21	24.120001	24.120001	23.340000	23.469999	21.323107	15667800
2013-06-24	23.230000	23.240000	22.400000	22.650000	20.578110	13780300
2013-06-25	22.900000	23.230000	22.790001	23.139999	21.023289	9244300
2013-06-26	23.389999	23.559999	22.980000	23.230000	21.105053	9296700
2013-06-27	23.360001	23.570000	23.230000	23.459999	21.314016	6067300
2013-06-28	23.430000	23.549999	23.170000	23.190001	21.068714	8782300
2013-07-01	23.330000	23.500000	23.090000	23.219999	21.095968	6105300
2013-07-02	23.150000	23.389999	22.950001	23.110001	20.996033	8764900
2013-07-03	23.020000	23.100000	22.889999	23.030001	20.923349	2798000
2013-07-05	23.190001	23.350000	23.020000	23.260000	21.132315	5362500
2013-07-08	23.379999	23.400000	23.090000	23.270000	21.141397	4922200
2013-07-09	23.500000	24.150000	23.459999	24.059999	21.859129	10029900
2013-07-10	24.049999	24.100000	23.750000	23.910000	21.722857	6564100
2013-07-11	24.440001	24.510000	24.110001	24.389999	22.158941	5648400
2013-07-12	24.309999	24.790001	24.280001	24.360001	22.131689	5777800
2013-07-15	24.430000	24.650000	24.270000	24.340000	22.113523	8738000
2013-07-16	24.420000	24.730000	24.309999	24.639999	22.386076	7161500
2013-07-17	25.139999	25.209999	24.549999	25.100000	22.804005	11236200
2013-07-18	25.120001	25.790001	25.049999	25.549999	23.212833	10105800
2013-07-19	25.559999	25.700001	25.290001	25.389999	23.067472	6974900
2013-07-22	25.400000	25.629999	25.270000	25.320000	23.003876	4459200
2013-07-23	25.420000	25.430000	25.240000	25.270000	22.958454	4918700
2013-07-24	25.299999	25.360001	24.750000	24.940001	22.658634	6157400
2013-07-25	24.910000	25.010000	24.700001	24.959999	22.676804	4548900
2013-07-26	24.820000	24.860001	24.430000	24.680000	22.422417	7119000
2013-07-29	24.650000	24.830000	24.610001	24.650000	22.395168	4986800
2013-07-30	24.830000	24.850000	24.559999	24.709999	22.449677	4229500
2013-07-31	24.690001	25.030001	24.690001	24.809999	22.540527	6747300
2013-08-01	25.049999	25.520000	24.959999	25.440001	23.112900	7092100
2013-08-02	26.680000	26.680000	25.610001	26.049999	23.667099	23905500
2013-08-05	26.260000	26.260000	25.700001	25.860001	23.494482	10513000
2013-08-06	25.780001	25.850000	25.330000	25.610001	23.267349	8726200
2013-08-07	25.490000	25.500000	25.270000	25.410000	23.085644	7798600
2013-08-08	25.570000	25.980000	25.520000	25.820000	23.458139	6918900
2013-08-09	25.830000	25.850000	25.469999	25.700001	23.349117	6271700
2013-08-12	25.520000	25.670000	25.360001	25.400000	23.076555	6570200
2013-08-13	25.400000	25.500000	25.139999	25.320000	23.003876	5833100
2013-08-14	25.200001	25.389999	25.160000	25.299999	22.985708	5592000
2013-08-15	25.059999	25.299999	24.790001	25.160000	22.858513	5436100
2013-08-16	25.170000	25.219999	24.879999	25.160000	22.858513	4494500
2013-08-19	25.080000	25.150000	24.860001	24.889999	22.613209	3828200
2013-08-20	24.959999	25.030001	24.740000	24.820000	22.549610	5686200
2013-08-21	24.790001	24.830000	24.559999	24.629999	22.376995	4890500
2013-08-22	24.680000	25.260000	24.600000	25.180000	22.876686	3834400
2013-08-23	25.270000	25.400000	25.070000	25.360001	23.040218	4489100
2013-08-26	25.379999	25.620001	25.350000	25.450001	23.121986	5789700
2013-08-27	25.160000	25.230000	24.809999	24.809999	22.540527	6062200
2013-08-28	24.670000	24.809999	24.480000	24.730000	22.604511	4482200
2013-08-29	24.660000	24.930000	24.549999	24.830000	22.695919	3495400
2013-08-30	24.860001	24.910000	24.459999	24.610001	22.494827	4309600
2013-09-03	24.920000	25.030001	24.680000	24.910000	22.769037	6513500
2013-09-04	24.910000	25.540001	24.900000	25.290001	23.116381	6542000
2013-09-05	25.270000	25.500000	25.270000	25.430000	23.244347	2988700
2013-09-06	25.500000	25.680000	25.370001	25.450001	23.262632	4377400
2013-09-09	25.520000	25.760000	25.379999	25.660000	23.454578	4280000
2013-09-10	25.850000	26.059999	25.770000	26.059999	23.820202	5684800
2013-09-11	26.080000	26.170000	25.969999	26.170000	23.920748	3824000
2013-09-12	26.120001	26.120001	25.620001	25.790001	23.573406	6802000
2013-09-13	25.840000	26.059999	25.740000	26.059999	23.820202	4612900
2013-09-16	26.379999	26.510000	26.139999	26.209999	23.957308	5130500
2013-09-17	26.040001	26.230000	25.559999	26.209999	23.957308	8137400
2013-09-18	26.280001	26.750000	26.110001	26.690001	24.396057	8047600
2013-09-19	26.760000	26.900000	26.549999	26.750000	24.450895	5905100
2013-09-20	26.799999	26.870001	26.330000	26.420000	24.149258	6537600
2013-09-23	26.389999	26.400000	26.090000	26.200001	23.948170	5712100
2013-09-24	26.180000	26.379999	25.840000	26.080000	23.838484	7372900
2013-09-25	26.110001	26.230000	25.889999	25.940001	23.710516	5161100
2013-09-26	26.010000	26.110001	25.860001	25.980000	23.747078	4022900
2013-09-27	25.850000	26.049999	25.650000	25.850000	23.628246	5758300
2013-09-30	25.559999	25.910000	25.459999	25.740000	23.527702	5232700
2013-10-01	25.750000	26.250000	25.740000	26.150000	23.902468	4839700
2013-10-02	25.969999	26.090000	25.700001	26.070000	23.829338	5577900
2013-10-03	26.020000	26.040001	25.469999	25.680000	23.472862	4935500
2013-10-04	25.260000	25.639999	25.040001	25.570000	23.372314	6913500
2013-10-07	25.400000	25.600000	25.270000	25.360001	23.180365	5537800
2013-10-08	25.389999	25.590000	25.080000	25.250000	23.079823	8348500
2013-10-09	25.320000	25.590000	25.209999	25.459999	23.271767	6183000
2013-10-10	25.740000	26.080000	25.709999	26.070000	23.829338	5338600
2013-10-11	26.059999	26.080000	25.740000	25.830000	23.609968	8675800
2013-10-14	25.760000	26.090000	25.730000	26.020000	23.783642	7246600
2013-10-15	26.000000	26.180000	25.950001	26.100000	23.856762	7196500
2013-10-16	26.209999	26.209999	25.379999	25.889999	23.664812	10794300
2013-10-17	25.719999	25.719999	25.280001	25.370001	23.189503	11195900
2013-10-18	25.480000	25.750000	25.400000	25.700001	23.491144	9432900
2013-10-21	25.639999	26.030001	25.580000	26.030001	23.792778	5582800
2013-10-22	26.070000	26.290001	26.010000	26.090000	23.847624	4221800
2013-10-23	26.150000	26.400000	26.049999	26.170000	23.920748	8278600
2013-10-24	26.230000	26.459999	26.049999	26.450001	24.176685	6261200
2013-10-25	26.430000	26.610001	26.320000	26.610001	24.322927	4378000
2013-10-28	26.629999	26.809999	26.510000	26.690001	24.396057	4872400
2013-10-29	26.740000	26.850000	26.590000	26.660000	24.368635	4561400
2013-10-30	26.629999	26.740000	26.139999	26.190001	23.939030	6982400
2013-10-31	26.250000	26.320000	25.969999	26.059999	23.820202	5827500
2013-11-01	26.090000	26.360001	26.059999	26.280001	24.021294	4104400
2013-11-04	26.490000	26.639999	26.350000	26.480000	24.204103	5185300
2013-11-05	26.440001	26.520000	26.299999	26.459999	24.185820	4330000
2013-11-06	26.469999	26.559999	26.200001	26.250000	23.993870	6704000
2013-11-07	26.330000	26.639999	26.200001	26.230000	23.975588	5239200
2013-11-08	26.260000	26.629999	26.219999	26.610001	24.322927	6094700
2013-11-11	26.600000	26.950001	26.500000	26.940001	24.624565	5805900
2013-11-12	26.860001	26.910000	26.639999	26.780001	24.478317	4712400
2013-11-13	26.670000	26.889999	26.580000	26.889999	24.578863	4599000
2013-11-14	26.990000	27.139999	26.940001	27.000000	24.679407	7416300
2013-11-15	27.040001	27.080000	26.830000	27.000000	24.679407	7559700
2013-11-18	27.070000	27.480000	27.030001	27.230000	24.889643	6664600
2013-11-19	27.190001	27.250000	26.750000	26.900000	24.588003	6256500
2013-11-20	26.950001	27.000000	26.750000	26.910000	24.597143	4638000
2013-11-21	26.940001	27.100000	26.770000	27.049999	24.725111	4638400
2013-11-22	27.059999	27.350000	27.010000	27.350000	24.999331	3930700
2013-11-25	27.340000	27.530001	27.330000	27.400000	25.045031	3127600
2013-11-26	27.280001	27.330000	27.020000	27.110001	24.916361	4646000
2013-11-27	27.200001	27.360001	27.090000	27.299999	25.090986	3021900
2013-11-29	27.309999	27.450001	27.200001	27.270000	25.063412	2250900
2013-12-02	27.270000	27.580000	27.260000	27.330000	25.118555	3905300
2013-12-03	27.370001	27.670000	27.260000	27.410000	25.192087	6621200
2013-12-04	27.280001	27.530001	27.020000	27.200001	24.999077	4615900
2013-12-05	27.240000	27.680000	27.200001	27.580000	25.348330	5863500
2013-12-06	27.770000	27.900000	27.670000	27.750000	25.504574	5065100
2013-12-09	27.850000	28.129999	27.850000	28.080000	25.807867	4215200
2013-12-10	28.030001	28.250000	27.980000	27.990000	25.725153	4781400
2013-12-11	27.969999	27.980000	27.320000	27.350000	25.136936	6214100
2013-12-12	27.250000	27.440001	27.250000	27.280001	25.072603	4254300
2013-12-13	27.430000	27.879999	27.400000	27.570000	25.339134	6276200
2013-12-16	27.730000	27.940001	27.730000	27.840000	25.587290	7021800
2013-12-17	27.930000	27.959999	27.540001	27.670000	25.431047	4254800
2013-12-18	27.719999	28.020000	27.400000	27.930000	25.670008	9028000
2013-12-19	27.870001	27.969999	27.770000	27.879999	25.624052	6828500
2013-12-20	27.850000	28.260000	27.770000	28.080000	25.807867	9628100
2013-12-23	28.299999	28.400000	28.180000	28.240000	25.954926	3221500
2013-12-24	28.280001	28.389999	28.270000	28.360001	26.065214	1590400
2013-12-26	28.370001	28.500000	28.330000	28.430000	26.129551	2574000
2013-12-27	28.530001	28.559999	28.219999	28.290001	26.000879	3043300
2013-12-30	28.320000	28.459999	28.260000	28.340000	26.046835	3721800
2013-12-31	28.430000	28.799999	28.430000	28.770000	26.442039	4025200
2014-01-02	28.610001	28.670000	28.190001	28.250000	25.964115	4479900
2014-01-03	28.270000	28.780001	28.260000	28.430000	26.129551	4632500
2014-01-06	28.559999	28.740000	28.080000	28.219999	25.936543	5073200
2014-01-07	28.299999	28.430000	28.200001	28.350000	26.056025	3842500
2014-01-08	28.270000	28.410000	28.049999	28.230000	25.945732	5024000
2014-01-09	28.299999	28.680000	28.219999	28.660000	26.340939	4581300
2014-01-10	28.760000	28.940001	28.629999	28.879999	26.543139	4576200
2014-01-13	28.830000	28.980000	28.330000	28.430000	26.129551	6856500
2014-01-14	28.620001	28.980000	28.410000	28.879999	26.543139	8011700
2014-01-15	28.940001	29.250000	28.830000	29.230000	26.864819	12041300
2014-01-16	27.459999	27.510000	26.760000	27.240000	25.035837	27360000
2014-01-17	27.389999	27.389999	27.059999	27.230000	25.026649	11725900
2014-01-21	27.350000	27.520000	26.910000	27.040001	24.852024	9569800
2014-01-22	27.200001	27.379999	27.160000	27.219999	25.017456	7842500
2014-01-23	27.170000	27.320000	26.879999	27.020000	24.833641	8602900
2014-01-24	26.740000	26.840000	26.190001	26.200001	24.079994	9372900
2014-01-27	26.090000	26.370001	25.889999	26.139999	24.024849	7424700
2014-01-28	26.200001	26.700001	26.200001	26.520000	24.374102	4908800
2014-01-29	26.190001	26.379999	26.020000	26.129999	24.015656	7285700
2014-01-30	26.410000	26.870001	26.379999	26.770000	24.603872	5531500
2014-01-31	26.410000	27.059999	26.270000	26.910000	24.732540	7427100
2014-02-03	26.930000	27.059999	25.840000	26.020000	23.914560	9549000
2014-02-04	26.080000	26.540001	26.000000	26.350000	24.217855	8696600
2014-02-05	26.270000	26.559999	26.190001	26.510000	24.364906	6735300
2014-02-06	26.639999	27.070000	26.600000	27.030001	24.842836	5257900
2014-02-07	27.180000	27.450001	27.020000	27.250000	25.045031	5693600
2014-02-10	27.190001	27.219999	26.900000	27.070000	24.879597	4643900
2014-02-11	27.170000	27.440001	27.139999	27.309999	25.100174	4183100
2014-02-12	27.379999	27.549999	27.230000	27.389999	25.173700	4672900
2014-02-13	27.190001	27.370001	27.040001	27.370001	25.155321	5536700
2014-02-14	27.309999	27.590000	27.280001	27.530001	25.302372	5811500
2014-02-18	27.520000	27.540001	27.170000	27.410000	25.192087	4357300
2014-02-19	27.290001	27.590000	27.059999	27.090000	24.897978	7563800
2014-02-20	27.170000	27.400000	27.059999	27.350000	25.136936	8478800
2014-02-21	27.430000	27.620001	27.309999	27.320000	25.109365	5603300
2014-02-24	27.330000	27.850000	27.330000	27.690001	25.449430	6525600
2014-02-25	27.660000	27.719999	27.250000	27.309999	25.100174	6721100
2014-02-26	27.280001	27.549999	27.150000	27.209999	25.146385	5581100
2014-02-27	27.150000	27.490000	27.080000	27.459999	25.377426	5116500
2014-02-28	27.490000	27.969999	27.490000	27.709999	25.608461	5997300
2014-03-03	27.520000	27.750000	27.350000	27.600000	25.506804	5742800
2014-03-04	27.959999	28.400000	27.940001	28.299999	26.153723	7274900
2014-03-05	28.440001	28.660000	28.340000	28.540001	26.375519	6080600
2014-03-06	28.610001	28.870001	28.570000	28.730000	26.551105	4993500
2014-03-07	29.020000	29.100000	28.780001	28.870001	26.680489	5385100
2014-03-10	28.879999	28.969999	28.590000	28.889999	26.698971	5571500
2014-03-11	28.980000	29.059999	28.680000	28.840000	26.652763	6129200
2014-03-12	28.639999	28.889999	28.410000	28.889999	26.698971	10273500
2014-03-13	29.000000	29.190001	28.299999	28.459999	26.301584	9000200
2014-03-14	28.549999	28.570000	28.260000	28.379999	26.227646	5340800
2014-03-17	28.570000	28.860001	28.480000	28.629999	26.458691	3883200
2014-03-18	28.690001	28.840000	28.650000	28.740000	26.560352	3192000
2014-03-19	28.780001	28.940001	28.430000	28.549999	26.384754	4981200
2014-03-20	28.480000	28.850000	28.450001	28.629999	26.458691	4055300
2014-03-21	28.959999	29.110001	28.719999	28.760000	26.578831	5600700
2014-03-24	28.870001	29.049999	28.480000	28.690001	26.514139	5906600
2014-03-25	29.450001	29.450001	28.980000	29.070000	26.865322	7333100
2014-03-26	29.180000	29.219999	28.650000	28.650000	26.477175	5405300
2014-03-27	28.620001	28.730000	28.240000	28.270000	26.125992	6112500
2014-03-28	28.389999	28.690001	28.379999	28.580000	26.412479	3964300
2014-03-31	28.730000	29.080000	28.650000	28.969999	26.772905	4411000
2014-04-01	29.070000	29.170000	28.879999	29.120001	26.911530	4271900
2014-04-02	28.990000	29.270000	28.990000	29.219999	27.003941	7395500
2014-04-03	29.000000	29.129999	28.660000	29.090000	26.883802	6936800
2014-04-04	29.270000	29.270000	28.719999	28.760000	26.578831	4519200
2014-04-07	28.600000	28.900000	28.270000	28.389999	26.236893	4625600
2014-04-08	28.320000	28.540001	28.230000	28.260000	26.116749	6114500
2014-04-09	28.340000	28.530001	28.290001	28.510000	26.347792	4226200
2014-04-10	28.500000	28.709999	27.940001	27.969999	25.848747	6719200
2014-04-11	27.860001	28.240000	27.790001	28.010000	25.885712	7988200
2014-04-14	28.240000	28.400000	28.100000	28.379999	26.227646	5689000
2014-04-15	28.270000	28.540001	27.910000	28.290001	26.144478	14875300
2014-04-16	27.250000	27.850000	27.139999	27.790001	25.682398	16487800
2014-04-17	27.750000	28.250000	27.639999	28.150000	26.015091	8658700
2014-04-21	28.280001	28.330000	28.049999	28.180000	26.042824	4604500
2014-04-22	28.200001	28.440001	28.190001	28.209999	26.070543	6345000
2014-04-23	28.190001	28.290001	28.049999	28.160000	26.024336	4154600
2014-04-24	28.309999	28.520000	28.059999	28.400000	26.246132	5304600
2014-04-25	28.330000	28.459999	27.950001	28.030001	25.904194	4171100
2014-04-28	28.160000	28.290001	27.860001	28.150000	26.015091	3820900
2014-04-29	28.240000	28.340000	28.080000	28.170000	26.033579	3791000
2014-04-30	28.160000	28.360001	28.020000	28.219999	26.079782	6187200
2014-05-01	28.190001	28.320000	27.709999	27.870001	25.756327	7058200
2014-05-02	27.850000	28.110001	27.790001	27.830000	25.719366	5463700
2014-05-05	27.750000	28.010000	27.580000	27.980000	25.857988	4537700
2014-05-06	27.840000	28.120001	27.840000	27.930000	25.811779	6540700
2014-05-07	28.010000	28.100000	27.840000	28.059999	25.931921	4793500
2014-05-08	28.090000	28.430000	28.090000	28.370001	26.218410	4920200
2014-05-09	28.330000	28.690001	28.270000	28.690001	26.514139	7344300
2014-05-12	28.750000	29.170000	28.680000	29.150000	26.939253	6471700
2014-05-13	29.200001	29.559999	29.190001	29.530001	27.290438	5705700
2014-05-14	29.629999	29.629999	29.240000	29.360001	27.133324	5027900
2014-05-15	29.290001	29.299999	28.840000	29.070000	26.865322	6780600
2014-05-16	29.129999	29.270000	29.010000	29.270000	27.050152	4639200
2014-05-19	29.180000	29.410000	29.160000	29.260000	27.040911	6200100
2014-05-20	29.250000	29.360001	29.000000	29.200001	26.985464	7771800
2014-05-21	29.290001	29.719999	29.250000	29.660000	27.410574	5373000
2014-05-22	29.650000	29.700001	29.430000	29.450001	27.216505	4230900
2014-05-23	29.360001	29.620001	29.270000	29.430000	27.346592	3565700
2014-05-27	29.520000	29.620001	29.290001	29.320000	27.244381	4925400
2014-05-28	29.379999	29.750000	29.379999	29.590000	27.495264	5753800
2014-05-29	29.700001	29.750000	29.379999	29.520000	27.430220	4672600
2014-05-30	29.490000	29.580000	29.299999	29.400000	27.318716	9641700
2014-06-02	29.459999	29.610001	29.350000	29.549999	27.458092	3815300
2014-06-03	29.340000	29.459999	28.940001	29.059999	27.002785	8421100
2014-06-04	29.040001	29.250000	28.969999	29.120001	27.058537	6055800
2014-06-05	29.219999	29.940001	29.150000	29.790001	27.681105	8502300
2014-06-06	29.830000	30.450001	29.790001	30.389999	28.238630	7184200
2014-06-09	30.360001	30.510000	30.200001	30.420000	28.266510	6698200
2014-06-10	30.350000	30.400000	30.139999	30.370001	28.220047	4823000
2014-06-11	30.290001	30.500000	30.230000	30.360001	28.210752	4683600
2014-06-12	30.320000	30.340000	29.900000	29.990000	27.866949	6078600
2014-06-13	30.139999	30.490000	30.139999	30.350000	28.201462	4846100
2014-06-16	30.260000	30.350000	30.120001	30.260000	28.117832	5240100
2014-06-17	30.219999	30.480000	30.070000	30.459999	28.303675	4903500
2014-06-18	30.490000	30.830000	30.400000	30.799999	28.619600	5617600
2014-06-19	30.790001	30.900000	30.620001	30.830000	28.647482	7094300
2014-06-20	30.969999	31.070000	30.830000	31.000000	28.805450	5758800
2014-06-23	31.000000	31.090000	30.650000	30.809999	28.628897	7954600
2014-06-24	30.780001	30.920000	30.240000	30.270000	28.127125	8739000
2014-06-25	30.299999	30.709999	30.250000	30.639999	28.470932	5955500
2014-06-26	30.660000	30.660000	30.270000	30.650000	28.480227	5671600
2014-06-27	30.670000	30.830000	30.620001	30.770000	28.591732	10678600
2014-06-30	30.760000	31.129999	30.730000	30.809999	28.628897	7351200
2014-07-01	31.000000	31.080000	30.760000	30.969999	28.777573	4463300
2014-07-02	31.020000	31.170000	30.969999	31.020000	28.824034	4015000
2014-07-03	31.059999	31.219999	31.049999	31.200001	28.991289	2512300
2014-07-07	31.030001	31.129999	30.840000	31.010000	28.814741	4570600
2014-07-08	31.030001	31.180000	30.770000	30.900000	28.712526	6441100
2014-07-09	30.969999	31.180000	30.940001	31.100000	28.898373	5012400
2014-07-10	30.809999	31.059999	30.770000	30.840000	28.656771	6823800
2014-07-11	30.889999	31.049999	30.750000	31.000000	28.805450	5587100
2014-07-14	31.090000	31.200001	30.969999	31.030001	28.833323	7829100
2014-07-15	30.990000	31.219999	30.870001	31.150000	28.944828	10496800
2014-07-16	30.850000	31.299999	30.600000	31.190001	28.981997	11628400
2014-07-17	31.070000	31.290001	30.740000	30.760000	28.582441	6325400
2014-07-18	30.910000	31.139999	30.860001	31.090000	28.889078	4864200
2014-07-21	31.059999	31.230000	31.000000	31.139999	28.935537	4834600
2014-07-22	31.330000	31.590000	31.290001	31.350000	29.130672	6808800
2014-07-23	31.350000	31.459999	31.080000	31.129999	28.926243	4989300
2014-07-24	31.160000	31.299999	31.090000	31.100000	28.898373	3558300
2014-07-25	31.070000	31.260000	30.930000	31.000000	28.805450	3554300
2014-07-28	31.030001	31.070000	30.650000	30.730000	28.554564	6405600
2014-07-29	30.730000	30.780001	30.440001	30.520000	28.359425	7635000
2014-07-30	30.620001	30.770000	30.340000	30.459999	28.303675	4808500
2014-07-31	30.250000	30.309999	29.879999	29.920000	27.801903	5804000
2014-08-01	29.879999	30.000000	29.360001	29.590000	27.495264	8666800
2014-08-04	29.620001	29.730000	29.389999	29.719999	27.616060	6103000
2014-08-05	29.520000	29.770000	29.260000	29.430000	27.346592	6369600
2014-08-06	29.250000	29.430000	29.070000	29.309999	27.235086	5574900
2014-08-07	29.389999	29.510000	29.190001	29.270000	27.197916	5823600
2014-08-08	29.280001	29.580000	29.170000	29.540001	27.448805	5234800
2014-08-11	29.690001	30.059999	29.620001	29.799999	27.690397	5240200
2014-08-12	29.629999	29.950001	29.520000	29.629999	27.532433	5389000
2014-08-13	29.790001	29.889999	29.639999	29.719999	27.616060	4518100
2014-08-14	29.770000	30.160000	29.760000	30.160000	28.024912	5437700
2014-08-15	30.290001	30.290001	29.930000	30.219999	28.080664	5383300
2014-08-18	30.410000	30.650000	30.370001	30.639999	28.470932	4645100
2014-08-19	30.730000	30.889999	30.540001	30.580000	28.415182	5507000
2014-08-20	30.610001	30.910000	30.600000	30.870001	28.684652	6185200
2014-08-21	30.950001	30.990000	30.559999	30.629999	28.461641	5511800
2014-08-22	30.639999	30.790001	30.559999	30.709999	28.535976	3705700
2014-08-25	30.850000	30.850000	30.690001	30.740000	28.563852	3973400
2014-08-26	30.850000	30.940001	30.780001	30.830000	28.647482	4942600
2014-08-27	30.760000	30.910000	30.740000	30.780001	28.750233	3117300
2014-08-28	30.740000	30.799999	30.540001	30.770000	28.740889	2925100
2014-08-29	30.780001	30.920000	30.690001	30.910000	28.871658	3455800
2014-09-02	30.980000	31.299999	30.950001	31.059999	29.011766	3616100
2014-09-03	31.200001	31.379999	31.059999	31.110001	29.058468	6443500
2014-09-04	31.170000	31.500000	31.059999	31.209999	29.151875	5465200
2014-09-05	31.240000	31.500000	31.090000	31.490000	29.413408	4155100
2014-09-08	31.450001	31.490000	31.100000	31.190001	29.133192	3653000
2014-09-09	31.209999	31.260000	31.010000	31.100000	29.049128	3132000
2014-09-10	31.200001	31.340000	30.910000	31.000000	28.955721	4302500
2014-09-11	31.000000	31.379999	30.910000	31.360001	29.291981	7161700
2014-09-12	31.400000	31.450001	31.120001	31.290001	29.226599	6509800
2014-09-15	31.370001	31.520000	31.230000	31.490000	29.413408	4421000
2014-09-16	31.510000	31.900000	31.400000	31.870001	29.768351	4746000
2014-09-17	31.900000	32.459999	31.900000	32.340000	30.207357	8609300
2014-09-18	32.369999	32.509998	32.270000	32.389999	30.254063	3749500
2014-09-19	32.619999	32.660000	32.299999	32.459999	30.319443	5378100
2014-09-22	32.419998	32.500000	32.029999	32.060001	29.945822	5652900
2014-09-23	31.980000	32.060001	31.719999	31.719999	29.628241	5021900
2014-09-24	31.790001	32.110001	31.760000	32.040001	29.927141	7612100
2014-09-25	32.029999	32.040001	31.620001	31.780001	29.684284	5971700
2014-09-26	31.790001	32.509998	31.770000	32.320000	30.188673	6257000
2014-09-29	31.990000	32.349998	31.879999	32.259998	30.132631	4665500
2014-09-30	32.200001	32.480000	32.000000	32.060001	29.945822	6115500
2014-10-01	31.860001	31.889999	30.790001	31.090000	29.039785	10564000
2014-10-02	31.240000	31.450001	30.959999	31.340000	29.273304	8520400
2014-10-03	31.639999	32.009998	31.540001	31.930000	29.824390	4383400
2014-10-06	32.150002	32.330002	32.000000	32.070000	29.955158	6435500
2014-10-07	31.900000	31.900000	31.080000	31.100000	29.049128	5709000
2014-10-08	31.059999	31.540001	30.709999	31.490000	29.413408	7420600
2014-10-09	31.280001	31.459999	30.629999	30.730000	28.703522	7717300
2014-10-10	30.770000	30.770000	29.750000	29.940001	27.965622	12252600
2014-10-13	33.509998	34.090000	31.610001	31.700001	29.609562	40334900
2014-10-14	31.780001	32.990002	31.780001	32.610001	30.459553	19076000
2014-10-15	31.010000	33.250000	31.000000	32.980000	30.805149	16090800
2014-10-16	32.639999	33.740002	32.490002	32.980000	30.805149	15307600
2014-10-17	33.270000	34.000000	33.240002	33.860001	31.627123	10143700
2014-10-20	32.369999	33.590000	32.330002	33.509998	31.300201	19288100
2014-10-21	33.820000	34.419998	33.680000	34.200001	31.944706	13051700
2014-10-22	34.099998	34.290001	33.709999	33.980000	31.739206	12060500
2014-10-23	34.470001	35.360001	34.430000	34.820000	32.523815	8917200
2014-10-24	34.869999	35.340000	34.630001	35.299999	32.972164	5082500
2014-10-27	35.259998	35.369999	34.779999	34.970001	32.663921	5792100
2014-10-28	35.169998	35.500000	34.970001	35.290001	32.962818	5540300
2014-10-29	35.299999	35.500000	34.939999	35.400002	33.065571	5464800
2014-10-30	35.389999	35.669998	35.020000	35.290001	32.962818	6752400
2014-10-31	35.730000	35.950001	35.459999	35.630001	33.280399	6253700
2014-11-03	35.740002	35.750000	35.060001	35.369999	33.037540	5472100
2014-11-04	34.830002	35.279999	34.580002	34.599998	32.318321	17315200
2014-11-05	34.630001	34.779999	34.389999	34.580002	32.299644	14856200
2014-11-06	34.639999	35.240002	34.639999	35.130001	32.813374	6048500
2014-11-07	35.220001	35.580002	35.220001	35.450001	33.112263	11893300
2014-11-10	35.619999	36.580002	35.599998	36.560001	34.149078	7539500
2014-11-11	36.549999	36.759998	36.330002	36.709999	34.289177	6521800
2014-11-12	36.549999	36.840000	36.400002	36.770000	34.345222	7237500
2014-11-13	36.840000	36.959999	36.430000	36.630001	34.214451	4972400
2014-11-14	36.570000	36.849998	36.509998	36.790001	34.363907	3894800
2014-11-17	36.580002	36.770000	36.459999	36.669998	34.251816	3122700
2014-11-18	36.410000	36.889999	36.410000	36.669998	34.251816	4378000
2014-11-19	36.610001	36.900002	36.310001	36.869999	34.438629	4227400
2014-11-20	36.790001	37.299999	36.689999	37.290001	34.830929	4387000
2014-11-21	37.700001	37.709999	37.360001	37.560001	35.083130	5442800
2014-11-24	37.650002	37.939999	37.650002	37.880001	35.382023	4632500
2014-11-25	37.810001	37.990002	37.750000	37.880001	35.532108	3897200
2014-11-26	37.830002	37.990002	37.730000	37.910000	35.560246	2558000
2014-11-28	37.840000	37.889999	36.320000	36.490002	34.228268	6717700
2014-12-01	35.950001	36.070000	34.619999	35.060001	32.886898	13854800
2014-12-02	34.650002	36.509998	34.599998	36.459999	34.200119	12010400
2014-12-03	36.580002	37.439999	36.560001	37.259998	34.950535	9509100
2014-12-04	37.299999	37.529999	36.369999	36.540001	34.275158	7560500
2014-12-05	36.650002	37.349998	36.630001	36.950001	34.659752	5506800
2014-12-08	36.660000	36.810001	35.790001	35.849998	33.627934	6922300
2014-12-09	35.349998	36.230000	35.250000	36.200001	33.956238	6531400
2014-12-10	36.040001	36.139999	34.880001	34.990002	32.821243	6762900
2014-12-11	35.180000	35.750000	35.150002	35.380001	33.187073	6770700
2014-12-12	35.060001	35.730000	34.820000	34.840000	32.680538	5704000
2014-12-15	35.090000	35.400002	34.340000	34.529999	32.389751	8139300
2014-12-16	34.430000	35.599998	34.410000	34.669998	32.521069	5944500
2014-12-17	34.720001	35.869999	34.349998	35.770000	33.552891	7983900
2014-12-18	36.349998	36.650002	35.910000	36.060001	33.824913	10018300
2014-12-19	35.849998	36.240002	35.750000	35.759998	33.543510	11798200
2014-12-22	35.970001	36.490002	35.950001	36.430000	34.171982	4800300
2014-12-23	36.669998	36.759998	36.299999	36.630001	34.359596	3545400
2014-12-24	36.650002	36.750000	36.480000	36.560001	34.293926	1570700
2014-12-26	36.720001	36.849998	36.619999	36.680000	34.406490	1781100
2014-12-29	36.549999	36.959999	36.450001	36.810001	34.528431	2884000
2014-12-30	36.709999	36.730000	36.349998	36.430000	34.171982	4089400
2014-12-31	36.529999	36.570000	36.160000	36.230000	33.984379	4863000
2015-01-02	36.110001	36.450001	35.500000	35.849998	33.627934	4688300
2015-01-05	35.400002	35.540001	34.779999	34.880001	32.718056	8624500
2015-01-06	34.340000	34.509998	33.340000	33.490002	31.414215	14541300
2015-01-07	33.779999	34.200001	33.299999	33.930000	31.826933	9713300
2015-01-08	34.150002	34.709999	33.849998	34.470001	32.333466	9568600
2015-01-09	34.570000	34.700001	34.209999	34.400002	32.267807	8376200
2015-01-12	34.180000	34.220001	33.740002	33.910000	31.808178	10446300
2015-01-13	34.070000	34.290001	33.090000	33.549999	31.470490	9913000
2015-01-14	33.119999	34.160000	33.009998	33.650002	31.564295	11787700
2015-01-15	33.810001	34.630001	33.720001	34.110001	31.995783	9830400
2015-01-16	34.160000	34.930000	34.139999	34.860001	32.699287	8396800
2015-01-20	34.840000	35.139999	34.430000	34.540001	32.399132	6280300
2015-01-21	34.509998	35.000000	34.369999	34.700001	32.549217	4723900
2015-01-22	35.009998	35.450001	34.830002	35.250000	33.065117	5676200
2015-01-23	35.020000	35.070000	34.419998	34.470001	32.333466	5976200
2015-01-26	34.450001	35.000000	34.380001	34.959999	32.793098	4826300
2015-01-27	34.580002	34.740002	34.130001	34.320000	32.192760	5919100
2015-01-28	34.650002	34.750000	33.619999	33.700001	31.611191	8820400
2015-01-29	33.700001	33.860001	33.340000	33.759998	31.667473	7451900
2015-01-30	33.529999	33.869999	33.250000	33.299999	31.235991	7672900
2015-02-02	33.470001	33.700001	33.209999	33.680000	31.592434	6155000
2015-02-03	33.860001	34.709999	33.810001	34.660000	32.511692	6117700
2015-02-04	34.500000	34.779999	34.320000	34.570000	32.427269	5683300
2015-02-05	34.610001	35.240002	34.610001	35.200001	33.018223	5089800
2015-02-06	35.270000	35.689999	35.220001	35.439999	33.243343	6938500
2015-02-09	35.290001	35.580002	35.200001	35.299999	33.112019	4786500
2015-02-10	35.450001	35.639999	35.160000	35.529999	33.327759	4044900
2015-02-11	35.389999	36.240002	35.389999	35.939999	33.712353	6557400
2015-02-12	36.040001	36.610001	36.020000	36.570000	34.303307	5193500
2015-02-13	36.639999	36.950001	35.880001	36.080002	33.843674	7623300
2015-02-17	34.900002	35.950001	34.900002	35.849998	33.627934	6732500
2015-02-18	35.880001	35.900002	35.290001	35.389999	33.196442	7717600
2015-02-19	35.200001	35.779999	35.139999	35.529999	33.327759	6136600
2015-02-20	35.410000	35.689999	35.160000	35.549999	33.346527	5791300
2015-02-23	35.599998	35.779999	35.419998	35.770000	33.552891	3860000
2015-02-24	35.740002	35.810001	35.520000	35.570000	33.365284	2961500
2015-02-25	35.540001	35.650002	35.180000	35.209999	33.176834	5886000
2015-02-26	35.290001	35.389999	34.279999	34.310001	32.328800	9977600
2015-02-27	34.500000	34.770000	34.139999	34.310001	32.328800	11347500
2015-03-02	34.310001	34.709999	34.310001	34.669998	32.668011	8529800
2015-03-03	34.290001	34.369999	34.049999	34.119999	32.149776	6730100
2015-03-04	34.000000	34.279999	33.660000	34.240002	32.262844	12541100
2015-03-05	34.119999	34.169998	33.779999	33.880001	31.923641	7065700
2015-03-06	33.599998	33.950001	33.549999	33.680000	31.735184	6931600
2015-03-09	33.580002	34.020000	33.580002	33.950001	31.989590	5559400
2015-03-10	33.560001	33.740002	33.430000	33.430000	31.499615	7924100
2015-03-11	33.599998	33.840000	33.470001	33.660000	31.716335	4563400
2015-03-12	33.799999	34.310001	33.799999	34.180000	32.206314	5509300
2015-03-13	34.110001	34.200001	33.759998	34.130001	32.159203	8170800
2015-03-16	34.369999	34.680000	34.220001	34.660000	32.658596	5758700
2015-03-17	34.419998	34.730000	34.389999	34.630001	32.630329	4376700
2015-03-18	34.500000	35.189999	34.299999	35.060001	33.035496	5891700
2015-03-19	34.910000	35.049999	34.529999	34.750000	32.743397	4715800
2015-03-20	34.889999	35.349998	34.889999	35.160000	33.129723	12272800
2015-03-23	34.990002	35.000000	33.639999	33.700001	31.754030	9359100
2015-03-24	33.650002	34.150002	33.470001	33.759998	31.810562	9378700
2015-03-25	33.959999	33.990002	33.299999	33.310001	31.386549	7976200
2015-03-26	33.090000	33.430000	32.709999	33.270000	31.348858	9833900
2015-03-27	33.160000	33.259998	32.770000	33.200001	31.282900	6590500
2015-03-30	33.340000	33.599998	33.250000	33.349998	31.424238	7334200
2015-03-31	33.240002	33.349998	32.830002	33.119999	31.207521	9094600
2015-04-01	33.200001	33.599998	32.959999	33.450001	31.518463	9975300
2015-04-02	33.279999	33.400002	32.939999	33.320000	31.395973	9257300
2015-04-06	32.980000	33.430000	32.980000	33.240002	31.320593	6827700
2015-04-07	33.439999	33.669998	33.169998	33.549999	31.612694	6559100
2015-04-08	33.560001	33.660000	33.209999	33.250000	31.330013	6767300
2015-04-09	33.340000	33.849998	33.310001	33.790001	31.838835	6499900
2015-04-10	33.950001	34.080002	33.720001	33.750000	31.801142	8003000
2015-04-13	33.549999	33.720001	33.009998	33.080002	31.169830	8282600
2015-04-14	31.870001	33.259998	31.870001	33.209999	31.292320	18749000
2015-04-15	33.720001	34.119999	32.820000	32.860001	30.962532	14158000
2015-04-16	32.520000	32.639999	31.950001	32.419998	30.547941	11139900
2015-04-17	32.240002	33.310001	32.220001	33.299999	31.377127	15362100
2015-04-20	33.340000	35.000000	33.110001	34.889999	32.875317	21351300
2015-04-21	34.889999	35.669998	33.610001	35.349998	33.308754	28097700
2015-04-22	35.279999	36.439999	35.279999	36.259998	34.166199	25233100
2015-04-23	35.869999	37.240002	35.840000	36.889999	34.759830	15457600
2015-04-24	36.820000	37.200001	36.270000	37.119999	34.976547	11592700
2015-04-27	37.080002	37.540001	36.720001	36.910000	34.778667	14914500
2015-04-28	36.820000	37.009998	36.490002	36.810001	34.684448	8562800
2015-04-29	36.740002	37.040001	36.250000	36.950001	34.816364	11309700
2015-04-30	36.650002	36.759998	35.990002	36.090000	34.006027	8872700
2015-05-01	36.419998	37.669998	36.299999	37.459999	35.296913	15665700
2015-05-04	37.459999	37.639999	36.020000	36.610001	34.495995	19848600
2015-05-05	36.439999	36.720001	35.320000	35.410000	33.365284	13027800
2015-05-06	35.450001	36.060001	35.029999	35.650002	33.591434	10387400
2015-05-07	35.630001	36.310001	35.459999	35.910000	33.836418	8309800
2015-05-08	36.389999	37.160000	36.259998	36.680000	34.561951	11655500
2015-05-11	36.500000	36.810001	36.029999	36.060001	33.977753	7169300
2015-05-12	35.869999	36.060001	35.480000	35.689999	33.629116	6886500
2015-05-13	35.730000	36.070000	34.720001	34.779999	32.771667	10684800
2015-05-14	34.529999	35.220001	34.310001	34.900002	32.884743	14828800
2015-05-15	34.889999	35.500000	34.799999	35.500000	33.450096	10494900
2015-05-18	35.349998	35.959999	35.180000	35.730000	33.666809	8282900
2015-05-19	35.720001	36.040001	35.520000	35.599998	33.544319	4861000
2015-05-20	35.389999	35.669998	35.119999	35.270000	33.233364	8118700
2015-05-21	35.259998	35.869999	35.150002	35.549999	33.497204	7946300
2015-05-22	35.419998	35.660000	35.290001	35.470001	33.421822	4322100
2015-05-26	35.259998	35.419998	34.720001	34.779999	32.771667	6081700
2015-05-27	34.930000	35.240002	34.650002	35.099998	33.245243	6175000
2015-05-28	35.009998	35.049999	34.380001	34.720001	32.885330	4340900
2015-05-29	34.759998	34.779999	33.990002	34.080002	32.279144	8592100
2015-06-01	34.230000	34.470001	33.950001	34.240002	32.430695	8228300
2015-06-02	34.169998	34.439999	33.970001	34.099998	32.298080	6388800
2015-06-03	34.090000	34.560001	34.040001	34.099998	32.298080	6939300
2015-06-04	33.889999	34.310001	33.849998	34.040001	32.241261	7492400
2015-06-05	34.040001	34.540001	34.009998	34.430000	32.610657	4428900
2015-06-08	34.290001	34.310001	33.779999	34.029999	32.231789	6643300
2015-06-09	33.930000	34.070000	33.639999	33.759998	31.976053	4350400
2015-06-10	33.869999	34.020000	33.689999	33.970001	32.174957	5975300
2015-06-11	34.020000	35.480000	33.930000	34.970001	33.122116	10898500
2015-06-12	34.730000	35.619999	34.610001	34.750000	32.913738	8155400
2015-06-15	34.549999	35.020000	34.430000	34.669998	32.837959	4151900
2015-06-16	34.700001	34.930000	34.419998	34.580002	32.752728	6080600
2015-06-17	34.599998	34.959999	34.450001	34.820000	32.980045	6349900
2015-06-18	34.970001	35.669998	34.970001	35.540001	33.661999	8336500
2015-06-19	35.389999	35.549999	34.990002	34.990002	33.141068	9072700
2015-06-22	35.220001	35.400002	34.950001	35.049999	33.197884	7553300
2015-06-23	35.230000	35.430000	34.790001	34.860001	33.017929	9117200
2015-06-24	34.759998	34.959999	33.740002	33.889999	32.099178	16653900
2015-06-25	34.009998	34.160000	33.680000	33.700001	31.919228	7915300
2015-06-26	33.720001	33.880001	33.360001	33.669998	31.890816	11074800
2015-06-29	33.340000	33.630001	32.470001	32.480000	30.763691	14840400
2015-06-30	32.790001	32.919998	32.400002	32.650002	30.924709	11046700
2015-07-01	32.930000	33.160000	32.709999	32.900002	31.161501	6202300
2015-07-02	33.080002	33.150002	32.630001	32.680000	30.953123	6735300
2015-07-06	32.369999	32.740002	32.200001	32.500000	30.782631	6036800
2015-07-07	32.570000	32.959999	32.150002	32.790001	31.057306	8526800
2015-07-08	32.450001	32.570000	31.719999	31.790001	30.110155	6816000
2015-07-09	32.119999	32.490002	31.889999	31.900000	30.214338	6876100
2015-07-10	32.320000	32.380001	31.969999	32.130001	30.432188	6025800
2015-07-13	32.349998	32.380001	31.879999	31.900000	30.214338	10270500
2015-07-14	31.910000	32.320000	31.879999	32.070000	30.375357	12428400
2015-07-15	32.830002	33.099998	32.189999	32.400002	30.687922	14437900
2015-07-16	32.750000	32.759998	32.070000	32.169998	30.470074	6915000
2015-07-17	32.310001	32.480000	31.850000	32.180000	30.479544	6642200
2015-07-20	32.290001	32.459999	31.959999	32.000000	30.309057	6201400
2015-07-21	32.020000	32.290001	31.549999	31.860001	30.176456	7728700
2015-07-22	31.889999	32.049999	31.180000	31.570000	29.901777	8867800
2015-07-23	31.530001	31.580000	30.660000	30.850000	29.219824	7468700
2015-07-24	30.850000	31.170000	30.650000	30.809999	29.181938	7596100
2015-07-27	30.610001	30.920000	30.400000	30.520000	28.907261	7335800
2015-07-28	30.740000	31.150000	30.719999	31.080000	29.437668	7301200
2015-07-29	31.090000	31.540001	31.010000	31.490000	29.826006	6882700
2015-07-30	31.389999	31.540001	31.299999	31.459999	29.797590	5642900
2015-07-31	31.490000	31.620001	31.190001	31.280001	29.627104	5739600
2015-08-03	31.340000	31.350000	30.900000	31.139999	29.494499	5750300
2015-08-04	31.139999	31.360001	30.690001	30.870001	29.238766	6619100
2015-08-05	31.070000	31.260000	30.740000	30.760000	29.134583	3810700
2015-08-06	30.760000	30.760000	30.230000	30.430000	28.822018	7076800
2015-08-07	30.360001	30.420000	29.830000	29.959999	28.376854	5240100
2015-08-10	30.170000	30.430000	30.160000	30.240000	28.642057	6247200
2015-08-11	29.980000	30.070000	29.219999	29.330000	27.780142	12830300
2015-08-12	29.120001	29.610001	28.730000	29.520000	27.960104	8673500
2015-08-13	29.510000	29.680000	29.360001	29.389999	27.836973	4498500
2015-08-14	29.389999	29.680000	29.379999	29.620001	28.054817	3321300
2015-08-17	29.510000	29.709999	29.309999	29.680000	28.111650	5480200
2015-08-18	29.690001	29.750000	29.549999	29.620001	28.054817	4543900
2015-08-19	29.340000	29.490000	28.820000	28.920000	27.391808	6419400
2015-08-20	28.549999	28.860001	28.350000	28.360001	26.861401	7364800
2015-08-21	28.070000	28.270000	27.370001	27.379999	25.933184	9974700
2015-08-24	24.740000	26.950001	24.469999	26.270000	24.881840	17265100
2015-08-25	27.059999	27.090000	25.290001	25.309999	23.972570	13115200
2015-08-26	26.129999	26.430000	25.610001	26.370001	24.976555	15569900
2015-08-27	26.670000	27.510000	26.500000	27.490000	26.216324	13925100
2015-08-28	27.400000	27.860001	27.260000	27.799999	26.511961	9956200
2015-08-31	27.610001	27.670000	27.299999	27.379999	26.111420	6110700
2015-09-01	26.690001	26.950001	26.580000	26.730000	25.491537	7851100
2015-09-02	27.070000	27.190001	26.540001	26.990000	25.739492	6163200
2015-09-03	27.059999	27.500000	27.020000	27.280001	26.016052	8053500
2015-09-04	26.950001	27.200001	26.750000	26.850000	25.605980	5389200
2015-09-08	27.450001	28.030001	27.379999	28.000000	26.702692	8316800
2015-09-09	28.170000	28.620001	27.730000	27.809999	26.521496	10401600
2015-09-10	27.850000	28.120001	27.799999	28.020000	26.721767	7848900
2015-09-11	28.059999	28.660000	28.040001	28.500000	27.179527	12344700
2015-09-14	28.459999	28.570000	28.240000	28.389999	27.074625	7280700
2015-09-15	28.490000	28.950001	28.410000	28.889999	27.551458	6599300
2015-09-16	28.870001	29.320000	28.840000	29.250000	27.894781	7975900
2015-09-17	29.190001	29.629999	29.059999	29.180000	27.828022	7466000
2015-09-18	28.900000	28.910000	27.889999	28.160000	26.855278	15159100
2015-09-21	28.299999	28.520000	28.040001	28.100000	26.798059	7838900
2015-09-22	27.750000	27.750000	27.070000	27.270000	26.006517	10079000
2015-09-23	27.320000	27.400000	26.459999	26.580000	25.348488	13957900
2015-09-24	26.260000	26.559999	26.020000	26.389999	25.167292	8748600
2015-09-25	26.709999	26.959999	26.450001	26.520000	25.291267	8083000
2015-09-28	26.480000	26.600000	25.959999	25.990000	24.785824	10146200
2015-09-29	26.049999	26.090000	25.690001	25.940001	24.738138	12031800
2015-09-30	26.350000	27.000000	26.260000	26.900000	25.653658	12523300
2015-10-01	27.129999	27.270000	26.709999	27.030001	25.777639	9032900
2015-10-02	26.530001	27.320000	26.450001	27.309999	26.044662	5656900
2015-10-05	27.480000	27.940001	27.360001	27.830000	26.540573	6412700
2015-10-06	27.840000	28.059999	27.629999	27.700001	26.416595	5280400
2015-10-07	27.959999	28.559999	27.910000	28.370001	27.055553	6868900
2015-10-08	28.320000	29.160000	28.250000	29.090000	27.742193	8454400
2015-10-09	29.280001	29.670000	28.870001	29.080000	27.732653	7545600
2015-10-12	28.940001	29.000000	28.219999	28.370001	27.055553	8680900
2015-10-13	28.160000	28.260000	27.620001	27.709999	26.426130	11205900
2015-10-14	27.440001	27.850000	26.889999	27.190001	25.930225	13325700
2015-10-15	27.549999	28.030001	27.170000	27.889999	26.597788	11025000
2015-10-16	27.969999	28.059999	27.389999	27.430000	26.159101	10190700
2015-10-19	27.299999	27.410000	27.049999	27.330000	26.063736	7968800
2015-10-20	27.240000	27.940001	27.200001	27.760000	26.473816	7110700
2015-10-21	27.930000	28.080000	27.420000	27.490000	26.216324	7858900
2015-10-22	27.730000	28.400000	27.700001	28.129999	26.826672	7064700
2015-10-23	28.299999	28.580000	28.059999	28.370001	27.055553	6541300
2015-10-26	28.309999	28.459999	27.840000	27.889999	26.597788	6221000
2015-10-27	27.620001	27.700001	26.709999	26.830000	25.586903	7522900
2015-10-28	27.030001	27.559999	26.889999	27.299999	26.035128	7075200
2015-10-29	27.030001	27.410000	26.969999	27.250000	25.987444	5680000
2015-10-30	27.330000	27.490000	26.990000	26.990000	25.739492	6448400
2015-11-02	26.990000	27.500000	26.959999	27.430000	26.159101	5091900
2015-11-03	27.370001	27.709999	27.250000	27.549999	26.273542	4756600
2015-11-04	27.629999	27.770000	27.320000	27.440001	26.168642	4516900
2015-11-05	27.480000	27.660000	27.230000	27.250000	25.987444	5703700
2015-11-06	27.209999	27.379999	26.850000	27.070000	25.815784	5719100
2015-11-09	27.010000	28.410000	26.370001	27.780001	26.492889	20425200
2015-11-10	27.780001	28.299999	27.610001	27.950001	26.655010	10153200
2015-11-11	28.049999	28.240000	27.410000	27.530001	26.254473	6031700
2015-11-12	27.260000	27.629999	27.030001	27.049999	25.796711	6506400
2015-11-13	26.950001	27.430000	26.850000	26.930000	25.682270	6387000
2015-11-16	26.889999	27.320000	26.670000	27.309999	26.044662	5109400
2015-11-17	27.320000	27.580000	26.629999	27.170000	25.911152	7157300
2015-11-18	27.709999	28.450001	27.620001	28.270000	26.960184	12417500
2015-11-19	28.350000	29.610001	28.020000	29.209999	27.856632	16391100
2015-11-20	29.350000	30.530001	29.219999	29.889999	28.505125	18374600
2015-11-23	29.790001	29.930000	29.000000	29.080000	27.732653	7546300
2015-11-24	28.870001	29.180000	28.780001	29.030001	27.684971	5003800
2015-11-25	28.840000	28.950001	28.660000	28.830000	27.665781	5594500
2015-11-27	28.799999	29.059999	28.709999	28.990000	27.819321	2522500
2015-11-30	28.950001	29.059999	28.400000	28.430000	27.281933	8371100
2015-12-01	28.469999	28.670000	28.180000	28.600000	27.445068	5861600
2015-12-02	28.500000	28.540001	27.340000	27.530001	26.418278	12603400
2015-12-03	27.490000	27.570000	26.719999	27.100000	26.005642	14231400
2015-12-04	26.520000	27.020000	26.209999	26.860001	25.775331	13329100
2015-12-07	26.750000	26.959999	25.940001	26.030001	24.978851	11233800
2015-12-08	25.620001	25.670000	24.959999	24.990000	23.980848	14228500
2015-12-09	24.879999	25.330000	24.639999	25.010000	24.000040	11337100
2015-12-10	25.030001	25.320000	24.639999	24.700001	23.702559	8981900
2015-12-11	25.290001	25.860001	24.580000	25.719999	24.681366	20106400
2015-12-14	25.639999	25.770000	25.000000	25.290001	24.268734	9361700
2015-12-15	25.600000	26.410000	25.540001	26.290001	25.228352	13110900
2015-12-16	26.420000	26.830000	25.940001	26.430000	25.362698	9639900
2015-12-17	26.400000	26.559999	25.600000	25.600000	24.566214	7939000
2015-12-18	25.459999	25.510000	25.000000	25.200001	24.182371	13482700
2015-12-21	25.480000	25.590000	25.020000	25.120001	24.105598	6034600
2015-12-22	25.350000	25.840000	25.250000	25.750000	24.710155	6003300
2015-12-23	25.760000	26.370001	25.559999	26.139999	25.084408	5730600
2015-12-24	26.150000	26.400000	26.070000	26.129999	25.074810	1594100
2015-12-28	26.150000	26.230000	25.850000	25.940001	24.892485	3084800
2015-12-29	26.080000	26.420000	26.020000	26.379999	25.314714	4107800
2015-12-30	26.120001	26.209999	25.860001	25.900000	24.854099	4584000
2015-12-31	25.500000	26.139999	25.500000	25.950001	24.902084	4742200
2016-01-04	25.370001	25.799999	25.080000	25.790001	24.748541	9561200
2016-01-05	25.799999	25.990000	25.209999	25.530001	24.499041	5216300
2016-01-06	25.070000	25.219999	24.170000	24.370001	23.385885	8385100
2016-01-07	23.820000	24.299999	23.590000	23.620001	22.666170	9836600
2016-01-08	23.799999	23.850000	23.440001	23.480000	22.531822	9672100
2016-01-11	23.379999	23.790001	23.180000	23.520000	22.570211	11045400
2016-01-12	23.580000	24.139999	23.209999	23.700001	22.742941	11894500
2016-01-13	23.520000	23.910000	21.750000	22.350000	21.447458	22024200
2016-01-14	22.650000	23.790001	22.559999	23.260000	22.320709	16585900
2016-01-15	22.250000	22.830000	22.150000	22.760000	21.840900	12619400
2016-01-19	23.120001	23.299999	22.469999	22.730000	21.812111	10900700
2016-01-20	22.290001	22.580000	21.330000	22.290001	21.389881	10577700
2016-01-21	22.000000	22.809999	21.660000	22.360001	21.457054	10706700
2016-01-22	22.920000	23.219999	22.129999	22.420000	21.514633	9452400
2016-01-25	22.350000	22.520000	21.910000	21.969999	21.082802	5609300
2016-01-26	22.150000	22.350000	22.010000	22.270000	21.370687	9211100
2016-01-27	22.299999	22.670000	21.799999	21.969999	21.082802	9713100
2016-01-28	22.270000	22.520000	22.030001	22.370001	21.466652	6289700
2016-01-29	22.549999	23.030001	22.530001	23.020000	22.090399	8511700
2016-02-01	22.600000	22.990000	22.379999	22.860001	21.936863	8454400
2016-02-02	22.610001	22.680000	21.860001	22.030001	21.140381	6987700
2016-02-03	22.340000	22.530001	21.639999	22.360001	21.457054	7298200
2016-02-04	22.350000	23.450001	22.350000	23.049999	22.119188	10368900
2016-02-05	23.040001	23.250000	22.660000	22.830000	21.908075	6624800
2016-02-08	22.639999	23.059999	22.280001	23.010000	22.080805	11307000
2016-02-09	22.559999	23.930000	22.559999	23.879999	22.915670	16047300
2016-02-10	24.020000	24.370001	23.840000	24.129999	23.155577	12241900
2016-02-11	23.650000	23.940001	23.040001	23.410000	22.464651	8209300
2016-02-12	23.270000	24.219999	23.260000	24.190001	23.213156	8227300
2016-02-16	24.780001	24.990000	23.969999	24.760000	23.760136	11678300
2016-02-17	24.370001	25.180000	23.750000	24.830000	23.827311	12621000
2016-02-18	24.820000	25.080000	24.549999	24.820000	23.817711	9067400
2016-02-19	24.639999	24.910000	24.410000	24.510000	23.520229	32691000
2016-02-22	25.440001	25.709999	25.209999	25.299999	24.278328	9755300
2016-02-23	24.860001	25.400000	24.360001	24.379999	23.395483	9002800
2016-02-24	24.010000	24.690001	23.580000	24.490000	23.501040	9136300
2016-02-25	24.420000	24.700001	24.049999	24.360001	23.549376	6800500
2016-02-26	24.500000	24.809999	24.270000	24.309999	23.501040	8390800
2016-02-29	24.260000	24.500000	24.010000	24.139999	23.336695	8625800
2016-03-01	24.450001	24.959999	24.260000	24.639999	23.820055	13853000
2016-03-02	25.139999	25.219999	24.500000	24.549999	23.733051	26099500
2016-03-03	24.549999	25.049999	24.450001	24.900000	24.071407	27051900
2016-03-04	25.059999	25.500000	24.860001	25.230000	24.390425	10427000
2016-03-07	25.209999	25.680000	25.049999	25.540001	24.690111	7705700
2016-03-08	25.250000	25.340000	24.670000	24.700001	23.878063	7759600
2016-03-09	24.740000	25.180000	24.700001	25.080000	24.245417	8301200
2016-03-10	25.270000	25.670000	24.850000	25.290001	24.448427	8713000
2016-03-11	25.610001	26.180000	25.500000	26.100000	25.231474	8732200
2016-03-14	26.190001	26.410000	25.980000	26.180000	25.308811	10799200
2016-03-15	25.969999	26.010000	25.610001	25.950001	25.086466	7185300
2016-03-16	25.879999	26.299999	25.750000	26.180000	25.308811	5184300
2016-03-17	26.240000	26.790001	26.129999	26.690001	25.801840	6422800
2016-03-18	26.860001	27.270000	26.690001	27.020000	26.120861	13520700
2016-03-21	27.059999	27.139999	26.430000	26.660000	25.772839	4820000
2016-03-22	26.430000	26.590000	26.309999	26.370001	25.492493	4973000
2016-03-23	26.350000	26.370001	25.809999	25.860001	24.999460	6385800
2016-03-24	25.770000	26.180000	25.510000	26.170000	25.299145	4321700
2016-03-28	26.040001	26.150000	25.430000	25.620001	24.767447	5605000
2016-03-29	25.400000	25.990000	25.030001	25.889999	25.028461	6010200
2016-03-30	26.010000	26.459999	25.930000	26.299999	25.424818	6534100
2016-03-31	26.059999	26.280001	25.680000	25.750000	24.893120	9411900
2016-04-01	25.639999	25.709999	25.170000	25.620001	24.767447	10800600
2016-04-04	25.530001	25.740000	25.030001	25.160000	24.322752	19195100
2016-04-05	25.020000	25.209999	24.719999	25.049999	24.216412	9088300
2016-04-06	25.010000	25.059999	24.459999	24.850000	24.023071	10241000
2016-04-07	24.660000	24.879999	24.459999	24.620001	23.800722	8911100
2016-04-08	24.870001	25.280001	24.660000	24.799999	23.974733	9359300
2016-04-11	24.730000	24.969999	24.360001	24.530001	23.713717	11923100
2016-04-12	24.650000	25.120001	24.559999	24.990000	24.158413	10742400
2016-04-13	25.900000	26.320000	25.070000	26.030001	25.163803	17213500
2016-04-14	26.430000	26.430000	25.780001	26.139999	25.270142	8505400
2016-04-15	26.350000	26.440001	25.790001	25.930000	25.067131	7462400
2016-04-18	25.740000	26.270000	25.610001	26.070000	25.202473	5880400
2016-04-19	26.270000	26.770000	26.120001	26.410000	25.531158	8125600
2016-04-20	26.440001	26.670000	26.260000	26.520000	25.637501	6957000
2016-04-21	26.570000	27.090000	26.500000	26.799999	25.908180	6900100
2016-04-22	27.000000	27.620001	27.000000	27.530001	26.613890	12616700
2016-04-25	27.400000	27.629999	26.910000	27.139999	26.236864	6535400
2016-04-26	27.100000	27.700001	27.100000	27.650000	26.729897	8080800
2016-04-27	27.549999	27.969999	27.420000	27.830000	26.903904	6554800
2016-04-28	27.600000	27.940001	27.309999	27.370001	26.459213	7697600
2016-04-29	27.040001	27.360001	26.820000	27.270000	26.362539	10538000
2016-05-02	27.270000	27.540001	26.940001	27.379999	26.468878	6854600
2016-05-03	26.799999	26.940001	26.250000	26.540001	25.656834	9652700
2016-05-04	26.480000	26.620001	26.030001	26.170000	25.299145	5953300
2016-05-05	26.200001	26.500000	26.000000	26.040001	25.173473	6580500
2016-05-06	25.920000	26.299999	25.840000	26.160000	25.289478	4732300
2016-05-09	26.180000	26.180000	25.680000	25.850000	24.989794	5603900
2016-05-10	25.889999	26.490000	25.889999	26.370001	25.492493	6106600
2016-05-11	26.370001	26.389999	25.889999	25.889999	25.028461	4430600
2016-05-12	25.969999	26.059999	25.360001	25.540001	24.690111	8039100
2016-05-13	25.469999	25.629999	24.930000	25.120001	24.284086	8820800
2016-05-16	25.129999	25.440001	25.120001	25.230000	24.390425	6084100
2016-05-17	25.120001	25.889999	25.059999	25.420000	24.574100	9096100
2016-05-18	25.260000	25.969999	25.250000	25.750000	24.893120	8356200
2016-05-19	25.379999	25.709999	25.260000	25.549999	24.699774	6642800
2016-05-20	25.570000	26.020000	25.559999	25.820000	24.960791	5530700
2016-05-23	25.709999	25.870001	25.549999	25.580000	24.728777	4690400
2016-05-24	25.580000	25.780001	25.250000	25.459999	24.612770	8525000
2016-05-25	25.520000	25.900000	25.500000	25.830000	24.970457	5070400
2016-05-26	25.590000	25.940001	25.570000	25.780001	25.097015	3816100
2016-05-27	25.830000	25.920000	25.670000	25.889999	25.204098	6004700
2016-05-31	26.000000	26.559999	25.920000	26.430000	25.729794	8628300
2016-06-01	26.180000	26.280001	25.870001	26.219999	25.525356	5931900
2016-06-02	26.059999	26.459999	26.059999	26.420000	25.720058	5171800
2016-06-03	26.420000	26.750000	26.190001	26.639999	25.934233	4857200
2016-06-06	26.690001	26.799999	26.240000	26.500000	25.797939	7867400
2016-06-07	26.709999	26.770000	26.370001	26.469999	25.768736	6609400
2016-06-08	26.459999	27.260000	26.370001	27.000000	26.284693	7618400
2016-06-09	26.940001	27.120001	26.610001	27.049999	26.333368	5244000
2016-06-10	26.680000	26.920000	26.610001	26.780001	26.070520	4399000
2016-06-13	26.760000	26.969999	26.559999	26.590000	25.885555	6491700
2016-06-14	26.540001	26.850000	26.240000	26.389999	25.690853	5878100
2016-06-15	26.530001	26.809999	26.360001	26.389999	25.690853	5599300
2016-06-16	26.160000	26.469999	25.850000	26.430000	25.729794	5632600
2016-06-17	26.450001	26.879999	26.309999	26.750000	26.041317	8708300
2016-06-20	27.080000	27.410000	27.000000	27.000000	26.284693	6512000
2016-06-21	26.730000	26.840000	26.350000	26.629999	25.924494	7624000
2016-06-22	26.700001	26.820000	26.510000	26.549999	25.846613	5077100
2016-06-23	26.830000	27.049999	26.790001	27.000000	26.284693	3812800
2016-06-24	25.870001	26.340000	25.510000	25.700001	25.019135	13484400
2016-06-27	25.410000	25.580000	24.430000	24.480000	23.831453	10098500
2016-06-28	24.750000	25.139999	24.629999	25.100000	24.435028	8498600
2016-06-29	25.379999	25.730000	25.270000	25.680000	24.999664	6384800
2016-06-30	25.730000	26.080000	25.250000	26.080000	25.389065	8080900
2016-07-01	26.110001	26.540001	26.100000	26.209999	25.515619	4843300
2016-07-05	26.040001	26.129999	25.530001	25.670000	24.989927	6718900
2016-07-06	25.500000	25.980000	25.330000	25.969999	25.281981	5281500
2016-07-07	25.910000	26.240000	25.799999	25.879999	25.194363	4430500
2016-07-08	26.219999	26.700001	26.070000	26.530001	25.827145	9883700
2016-07-11	26.530001	26.889999	26.510000	26.670000	25.963436	7435100
2016-07-12	26.980000	27.180000	26.799999	27.020000	26.304165	8832200
2016-07-13	27.170000	28.500000	26.760000	28.209999	27.462635	21925800
2016-07-14	28.280001	29.410000	28.010000	29.049999	28.280382	19014300
2016-07-15	29.049999	29.080000	28.379999	28.520000	27.764423	8868900
2016-07-18	28.660000	28.670000	28.370001	28.469999	27.715746	6947400
2016-07-19	28.260000	28.400000	28.100000	28.299999	27.550251	6319000
2016-07-20	28.379999	28.650000	28.120001	28.620001	27.861776	6079500
2016-07-21	28.400000	28.629999	28.219999	28.340000	27.589195	4756400
2016-07-22	28.410000	28.510000	28.280001	28.480000	27.725485	4184100
2016-07-25	28.440001	28.510000	28.200001	28.370001	27.618397	5065300
2016-07-26	28.370001	28.740000	28.340000	28.719999	27.959126	5137700
2016-07-27	28.770000	28.820000	28.030001	28.209999	27.462635	9544700
2016-07-28	28.129999	28.520000	28.030001	28.350000	27.598927	4739800
2016-07-29	28.320000	28.430000	28.129999	28.330000	27.579456	3960500
2016-08-01	28.330000	28.440001	28.000000	28.059999	27.316610	4877400
2016-08-02	27.860001	28.020000	27.459999	27.660000	26.927208	5901600
2016-08-03	27.750000	28.280001	27.680000	28.200001	27.452900	5645100
2016-08-04	28.010000	28.190001	27.900000	28.049999	27.306873	3898900
2016-08-05	28.290001	28.719999	28.120001	28.629999	27.871510	4882900
2016-08-08	28.540001	28.879999	28.450001	28.480000	27.725485	4825900
2016-08-09	28.559999	28.629999	28.209999	28.260000	27.511312	3503400
2016-08-10	28.330000	28.350000	27.940001	28.000000	27.258202	3453100
2016-08-11	28.000000	28.260000	27.950001	28.080000	27.336081	4643800
2016-08-12	27.959999	28.129999	27.879999	28.059999	27.316610	3444900
2016-08-15	28.080000	28.309999	28.000000	28.010000	27.267935	4358500
2016-08-16	27.990000	28.100000	27.910000	27.969999	27.228994	3761200
2016-08-17	27.950001	28.190001	27.820000	28.180000	27.433432	4209000
2016-08-18	28.139999	28.670000	28.120001	28.670000	27.910448	7246500
2016-08-19	28.570000	28.750000	28.500000	28.670000	27.910448	4782300
2016-08-22	28.590000	28.590000	28.340000	28.450001	27.696278	3336500
2016-08-23	28.620001	28.740000	28.400000	28.530001	27.774158	2964600
2016-08-24	28.490000	28.580000	28.400000	28.480000	27.725485	4305800
2016-08-25	28.480000	28.490000	28.020000	28.049999	27.306873	5197900
2016-08-26	28.180000	28.410000	28.000000	28.190001	27.443165	5108300
2016-08-29	28.139999	28.730000	27.990000	28.379999	27.805677	6812700
2016-08-30	28.389999	28.549999	28.320000	28.490000	27.913454	5001000
2016-08-31	28.389999	28.490000	28.219999	28.280001	27.707703	5260900
2016-09-01	28.370001	28.379999	27.930000	28.180000	27.609726	4122100
2016-09-02	28.270000	28.450001	28.120001	28.139999	27.570536	2972400
2016-09-06	28.129999	28.270000	28.020000	28.120001	27.550941	4791100
2016-09-07	28.270000	28.820000	28.200001	28.809999	28.226978	7999500
2016-09-08	28.680000	28.980000	28.559999	28.950001	28.364143	6040300
2016-09-09	28.639999	28.780001	27.889999	27.889999	27.325594	8438200
2016-09-12	28.000000	28.850000	27.910000	28.670000	28.089809	10806200
2016-09-13	28.510000	28.879999	28.410000	28.590000	28.011429	10849500
2016-09-14	28.510000	29.190001	28.459999	28.950001	28.364143	9963900
2016-09-15	28.990000	29.320000	28.740000	29.230000	28.638479	9472700
2016-09-16	29.129999	29.410000	28.870001	29.330000	28.736454	11223800
2016-09-19	29.459999	29.590000	29.200001	29.270000	28.677668	4565000
2016-09-20	29.500000	29.530001	29.090000	29.100000	28.511108	5871100
2016-09-21	29.240000	29.760000	29.209999	29.709999	29.108761	6671200
2016-09-22	29.950001	30.110001	29.559999	29.570000	28.971598	5364100
2016-09-23	29.379999	29.709999	29.320000	29.639999	29.040180	4995700
2016-09-26	29.430000	29.930000	29.389999	29.709999	29.108761	6884000
2016-09-27	29.760000	29.900000	29.590000	29.620001	29.020588	5256600
2016-09-28	29.760000	30.049999	29.600000	30.010000	29.402693	4422400
2016-09-29	30.059999	30.230000	29.790001	29.990000	29.383097	7146800
2016-09-30	30.160000	30.600000	30.010000	30.500000	29.882778	7140900
2016-10-03	30.330000	30.500000	30.230000	30.430000	29.814192	4285600
2016-10-04	30.480000	30.660000	30.150000	30.170000	29.559456	5863100
2016-10-05	30.360001	30.770000	30.240000	30.709999	30.088528	5291700
2016-10-06	30.780001	31.160000	30.600000	31.059999	30.431444	13302800
2016-10-07	30.969999	31.150000	30.820000	31.049999	30.421646	10591600
2016-10-10	31.100000	31.309999	30.770000	30.830000	30.206100	9234000
2016-10-11	30.809999	30.820000	30.309999	30.469999	29.853384	9900600
2016-10-12	30.430000	30.440001	30.110001	30.209999	29.598646	12394200
2016-10-13	30.629999	31.280001	30.260000	31.150000	30.519625	15005800
2016-10-14	31.450001	31.730000	31.010000	31.030001	30.402052	9926000
2016-10-17	31.030001	31.200001	30.820000	31.010000	30.382456	6586900
2016-10-18	31.350000	31.450001	30.950001	31.020000	30.392256	6876300
2016-10-19	30.510000	31.290001	30.510000	31.070000	30.441242	6244600
2016-10-20	30.830000	30.940001	30.219999	30.340000	29.726017	13692100
2016-10-21	30.120001	30.389999	30.040001	30.290001	29.677029	7414400
2016-10-24	30.559999	30.700001	30.379999	30.410000	29.794600	8805300
2016-10-25	30.320000	31.020000	30.160000	30.850000	30.225695	8970300
2016-10-26	30.790001	30.830000	30.340000	30.379999	29.765203	8839800
2016-10-27	30.400000	30.459999	30.219999	30.309999	29.696621	5938600
2016-10-28	30.219999	30.680000	30.010000	30.280001	29.667231	6987300
2016-10-31	30.459999	30.860001	30.379999	30.510000	29.892574	5869600
2016-11-01	30.639999	30.760000	30.150000	30.410000	29.794600	6559900
2016-11-02	30.530001	30.889999	30.430000	30.740000	30.117920	10859400
2016-11-03	30.860001	31.209999	30.639999	31.129999	30.500027	12008100
2016-11-04	30.940001	31.379999	30.920000	30.920000	30.294277	9336900
2016-11-07	31.299999	32.070000	31.299999	32.049999	31.401409	10621700
2016-11-08	32.060001	32.139999	31.629999	32.070000	31.421003	10585300
2016-11-09	32.400002	34.279999	32.389999	33.880001	33.194378	23753000
2016-11-10	34.060001	34.750000	33.939999	34.529999	33.831223	15571800
2016-11-11	34.209999	34.610001	34.060001	34.580002	33.880211	12422000
2016-11-14	34.720001	35.119999	34.549999	34.779999	34.076160	11101100
2016-11-15	34.650002	34.770000	33.980000	34.529999	33.831223	9680300
2016-11-16	34.480000	34.480000	33.830002	33.869999	33.184578	12206600
2016-11-17	33.910000	34.090000	33.790001	33.959999	33.272751	10947900
2016-11-18	33.889999	34.139999	33.820000	34.000000	33.311951	8719800
2016-11-21	34.009998	34.810001	34.009998	34.610001	33.909607	7400700
2016-11-22	34.610001	35.060001	34.590000	35.020000	34.311306	8760800
2016-11-23	35.029999	35.220001	34.830002	34.930000	34.223129	5465900
2016-11-25	35.000000	35.230000	34.830002	35.189999	34.477867	2516500
2016-11-28	34.790001	34.950001	34.439999	34.669998	34.143036	6822800
2016-11-29	34.639999	35.189999	34.480000	34.799999	34.271061	5548600
2016-11-30	35.389999	36.090000	35.349998	35.810001	35.265709	11318000
2016-12-01	36.070000	36.860001	36.029999	36.619999	36.063396	12083300
2016-12-02	36.680000	36.689999	36.189999	36.480000	35.925522	15058000
2016-12-05	36.689999	36.730000	36.299999	36.529999	35.974762	12168700
2016-12-06	36.240002	36.400002	35.840000	36.049999	35.502060	12799100
2016-12-07	36.029999	37.150002	35.860001	37.130001	36.565647	12752800
2016-12-08	37.130001	37.330002	36.779999	37.220001	36.654278	6643400
2016-12-09	37.200001	37.419998	36.919998	37.270000	36.703514	5703900
2016-12-12	37.270000	37.380001	36.610001	37.020000	36.457317	6193300
2016-12-13	37.029999	37.189999	36.639999	37.040001	36.477013	7776900
2016-12-14	37.000000	37.090000	36.450001	36.480000	35.925522	7710800
2016-12-15	36.419998	36.990002	36.099998	36.669998	36.112633	7048100
2016-12-16	36.599998	36.700001	35.880001	36.040001	35.492210	12097200
2016-12-19	36.169998	36.310001	35.959999	36.230000	35.679321	4473400
2016-12-20	36.419998	36.639999	36.360001	36.619999	36.063396	4256400
2016-12-21	36.619999	36.849998	36.500000	36.500000	35.945217	4585500
2016-12-22	36.389999	36.700001	36.230000	36.689999	36.132328	4885300
2016-12-23	36.689999	36.810001	36.560001	36.650002	36.092941	2261000
2016-12-27	36.799999	36.990002	36.630001	36.860001	36.299747	2624400
2016-12-28	36.820000	37.009998	36.500000	36.520000	35.964916	3520400
2016-12-29	36.610001	36.639999	36.160000	36.230000	35.679321	3472900
2016-12-30	36.349998	36.400002	35.790001	35.930000	35.383884	5453300
2017-01-03	36.150002	36.639999	35.590000	35.889999	35.344490	6535000
2017-01-04	36.049999	36.709999	35.950001	36.630001	36.073242	7255900
2017-01-05	36.410000	37.380001	36.400002	36.990002	36.427773	11583200
2017-01-06	36.709999	37.730000	35.959999	37.520000	36.949718	12350200
2017-01-09	37.570000	37.650002	36.980000	36.990002	36.427773	7406800
2017-01-10	36.889999	37.570000	36.779999	37.419998	36.851234	8163500
2017-01-11	37.320000	38.110001	37.320000	38.040001	37.461815	9882600
2017-01-12	38.060001	38.389999	37.799999	38.380001	37.796646	8133700
2017-01-13	38.209999	38.820000	38.099998	38.799999	38.210258	13828100
2017-01-17	38.750000	38.799999	37.869999	38.090000	37.511051	18163200
2017-01-18	36.540001	37.400002	36.209999	36.880001	36.319443	20660700
2017-01-19	43.230000	45.610001	42.660000	45.509998	44.818268	98506100
2017-01-20	44.500000	44.700001	42.880001	44.330002	43.656212	45342400
2017-01-23	44.660000	46.070000	44.560001	45.990002	45.290977	23485100
2017-01-24	45.889999	47.279999	45.860001	46.689999	45.980335	16824600
2017-01-25	47.240002	47.840000	46.900002	47.790001	47.063618	17845500
2017-01-26	47.790001	49.130001	47.560001	48.599998	47.861305	18203000
2017-01-27	48.830002	48.930000	47.669998	48.060001	47.329517	12813100
2017-01-30	47.799999	48.090000	46.730000	47.490002	46.768181	15181300
2017-01-31	46.970001	47.490002	46.060001	46.389999	45.684898	17976300
2017-02-01	46.549999	47.189999	46.410000	47.090000	46.374256	11808900
2017-02-02	46.689999	46.919998	46.099998	46.310001	45.606110	10377200
2017-02-03	46.240002	46.959999	46.160000	46.790001	46.078819	8474900
2017-02-06	46.549999	47.259998	46.540001	47.259998	46.541668	8877500
2017-02-07	47.270000	48.290001	47.270000	47.680000	46.955292	14773700
2017-02-08	47.580002	48.060001	46.959999	47.959999	47.231030	8601300
2017-02-09	48.099998	48.150002	47.529999	47.750000	47.024223	6108300
2017-02-10	48.500000	48.930000	47.410000	47.770000	47.043922	15428300
2017-02-13	48.110001	48.450001	47.750000	47.910000	47.181797	6695800
2017-02-14	47.630001	48.209999	47.619999	48.000000	47.270424	6399500
2017-02-15	46.990002	47.849998	46.759998	47.340000	46.620461	12546900
2017-02-16	47.520000	47.709999	46.220001	47.689999	46.965134	17714000
2017-02-17	47.529999	48.630001	47.490002	48.540001	47.802219	11766400
2017-02-21	48.529999	49.000000	48.430000	48.910000	48.166592	8221500
2017-02-22	48.790001	48.790001	48.029999	48.389999	47.654495	8314000
2017-02-23	48.580002	48.700001	47.549999	47.910000	47.181797	8500700
2017-02-24	47.619999	48.490002	47.570000	48.480000	48.104591	8378600
2017-02-27	48.279999	48.810001	47.990002	48.709999	48.332813	8619000
2017-02-28	49.430000	49.599998	48.369999	48.560001	48.183975	8033000
2017-03-01	49.200001	49.790001	49.160000	49.209999	48.828941	9461500
2017-03-02	49.209999	49.259998	48.470001	48.560001	48.183975	8222300
2017-03-03	48.520000	49.630001	48.230000	49.480000	49.096848	11629500
2017-03-06	49.119999	49.939999	48.959999	49.790001	49.404449	11810600
2017-03-07	49.700001	50.310001	48.380001	48.439999	48.064899	17913900
2017-03-08	48.310001	48.669998	47.520000	47.650002	47.281021	11796500
2017-03-09	47.680000	48.209999	47.480000	47.580002	47.211563	10637100
2017-03-10	48.049999	48.110001	47.540001	47.799999	47.429859	7224900
2017-03-13	47.900002	48.410000	47.869999	48.080002	47.707691	17191300
2017-03-14	48.020000	48.189999	47.400002	47.830002	47.459629	4845300
2017-03-15	48.110001	48.180000	47.619999	47.950001	47.578701	8727500
2017-03-16	47.900002	48.080002	47.480000	47.599998	47.231407	7606400
2017-03-17	47.820000	47.830002	46.880001	46.880001	46.516987	15533300
2017-03-20	46.959999	47.200001	46.509998	46.880001	46.516987	6905300
2017-03-21	47.040001	47.040001	45.410000	45.619999	45.266739	17325600
2017-03-22	45.639999	46.709999	45.430000	46.450001	46.090313	8984800
2017-03-23	46.400002	46.660000	46.000000	46.110001	45.752945	5970400
2017-03-24	46.250000	46.799999	46.040001	46.320000	45.961319	5742600
2017-03-27	45.880001	46.509998	45.529999	46.209999	45.852173	5431900
2017-03-28	46.209999	47.560001	46.209999	47.340000	46.973419	8647300
2017-03-29	47.180000	47.290001	46.860001	47.279999	46.913887	3489000
2017-03-30	47.240002	47.689999	47.209999	47.340000	46.973419	4760400
2017-03-31	47.099998	47.480000	46.529999	46.549999	46.189537	6293700
2017-04-03	46.660000	47.040001	46.369999	46.599998	46.239151	6484200
2017-04-04	46.599998	47.310001	46.500000	47.290001	46.923809	3155300
2017-04-05	47.509998	48.169998	46.910000	47.139999	46.774967	5104800
2017-04-06	47.290001	47.919998	47.209999	47.709999	47.340557	4381300
2017-04-07	47.560001	47.939999	47.200001	47.430000	47.062725	5623600
2017-04-10	47.599998	47.930000	47.459999	47.680000	47.310787	5679900
2017-04-11	47.459999	47.580002	46.490002	47.209999	46.844425	6174300
2017-04-12	47.520000	47.520000	46.310001	46.400002	46.040699	5615100
2017-04-13	46.369999	46.990002	46.040001	46.419998	46.060543	4677100
2017-04-17	46.660000	47.259998	46.389999	47.230000	46.864273	3899700
2017-04-18	46.939999	47.340000	46.529999	46.630001	46.268917	5290400
2017-04-19	46.980000	47.320000	46.680000	46.930000	46.566597	6857100
2017-04-20	50.200001	51.279999	49.360001	49.560001	49.176231	25360700
2017-04-21	49.830002	50.799999	49.500000	50.770000	50.376862	16235500
2017-04-24	51.480000	51.660000	50.070000	50.130001	49.741817	11196700
2017-04-25	50.189999	51.099998	50.099998	50.939999	50.545540	11098900
2017-04-26	51.060001	51.570000	50.630001	50.790001	50.396709	8186300
2017-04-27	50.790001	51.630001	50.689999	51.250000	50.853142	7861800
2017-04-28	51.500000	51.570000	50.750000	50.840000	50.446320	6609900
2017-05-01	50.869999	51.570000	50.860001	51.520000	51.121052	7773700
2017-05-02	51.770000	51.770000	51.099998	51.490002	51.091286	6667900
2017-05-03	51.529999	51.639999	51.200001	51.520000	51.121052	4606300
2017-05-04	51.590000	51.849998	51.389999	51.720001	51.319504	5960900
2017-05-05	51.779999	52.500000	51.660000	52.500000	52.093464	6749500
2017-05-08	52.500000	52.650002	51.759998	51.810001	51.408806	6674100
2017-05-09	51.689999	52.209999	51.660000	51.810001	51.408806	4351600
2017-05-10	51.840000	51.930000	51.520000	51.720001	51.319504	4499700
2017-05-11	51.500000	52.320000	51.349998	52.139999	51.736252	8875900
2017-05-12	52.070000	52.450001	51.779999	52.139999	51.736252	3837400
2017-05-15	52.110001	52.270000	51.299999	51.340000	50.942448	8694200
2017-05-16	51.549999	51.619999	50.939999	51.119999	50.724148	9479100
2017-05-17	50.520000	50.580002	49.160000	49.470001	49.086929	10342500
2017-05-18	49.000000	50.599998	48.770000	50.230000	49.841042	10579300
2017-05-19	50.160000	50.959999	50.130001	50.380001	49.989880	6714100
2017-05-22	50.630001	51.520000	50.480000	51.459999	51.061520	7261400
2017-05-23	51.419998	52.139999	51.080002	51.799999	51.398884	8949700
2017-05-24	51.849998	52.500000	51.849998	52.330002	51.924786	6595800
2017-05-25	51.700001	54.049999	51.700001	53.790001	53.373478	7101700
2017-05-26	53.630001	54.230000	53.470001	53.959999	53.741978	10793500
2017-05-30	53.980000	54.419998	53.810001	54.220001	54.000931	7624100
2017-05-31	54.340000	54.430000	53.750000	54.169998	53.951130	10188500
2017-06-01	54.209999	54.730000	53.919998	54.590000	54.369434	7915700
2017-06-02	54.790001	55.060001	54.360001	54.540001	54.319637	5367100
2017-06-05	54.590000	55.000000	53.750000	54.029999	53.811695	7890700
2017-06-06	54.099998	54.430000	53.919998	53.950001	53.732021	6060300
2017-06-07	53.860001	53.970001	53.299999	53.770000	53.552746	7877700
2017-06-08	53.880001	53.970001	53.509998	53.759998	53.542786	5279900
2017-06-09	53.820000	53.950001	52.369999	53.049999	52.835655	8599800
2017-06-12	53.080002	53.540001	52.490002	53.520000	53.303757	7076500
2017-06-13	53.340000	53.950001	53.250000	53.869999	53.652340	4441000
2017-06-14	54.070000	54.110001	52.910000	53.180000	52.965130	5928300
2017-06-15	52.549999	53.389999	52.520000	53.290001	53.074688	6220800
2017-06-16	53.049999	53.160000	52.490002	52.740002	52.526909	10921100
2017-06-19	53.000000	53.669998	52.740002	53.259998	53.044807	11266600
2017-06-20	53.070000	53.070000	52.049999	52.130001	51.919373	7118500
2017-06-21	52.279999	52.369999	51.759998	52.189999	51.979130	4335900
2017-06-22	52.119999	52.720001	51.950001	52.599998	52.387474	4233400
2017-06-23	52.540001	53.060001	52.299999	52.650002	52.437275	22625500
2017-06-26	53.099998	53.750000	52.799999	53.119999	52.905373	4766100
2017-06-27	53.130001	53.630001	52.959999	53.320000	53.104565	8908600
2017-06-28	53.700001	54.660000	53.419998	54.580002	54.359474	5801000
2017-06-29	54.560001	54.740002	53.509998	53.820000	53.602543	6543100
2017-06-30	54.750000	54.860001	53.990002	54.560001	54.339558	5874500
2017-07-03	54.750000	55.000000	54.389999	54.490002	54.269840	3479900
2017-07-05	54.500000	55.310001	54.490002	55.090000	54.867413	4603600
2017-07-06	54.630001	55.060001	54.439999	54.590000	54.369434	4794800
2017-07-07	54.720001	55.279999	54.369999	54.849998	54.628380	4172500
2017-07-10	54.650002	55.230000	54.400002	54.889999	54.668221	4962900
2017-07-11	54.830002	54.869999	53.919998	54.139999	53.921249	4556200
2017-07-12	54.720001	55.439999	54.580002	55.189999	54.967007	4355500
2017-07-13	55.119999	55.480000	54.799999	54.830002	54.608467	2749100
2017-07-14	55.000000	55.200001	54.849998	55.080002	54.857456	3930800
2017-07-17	55.000000	55.000000	54.369999	54.619999	54.399311	3910500
2017-07-18	54.490002	54.840000	54.160000	54.639999	54.419231	7593700
2017-07-19	53.049999	53.150002	50.680000	51.869999	51.660423	29960600
2017-07-20	51.880001	52.130001	50.330002	50.869999	50.664463	22332400
2017-07-21	50.730000	51.830002	50.509998	51.680000	51.471191	12033200
2017-07-24	51.540001	51.959999	50.549999	50.820000	50.614666	13998200
2017-07-25	50.980000	51.779999	50.900002	51.560001	51.351677	8340500
2017-07-26	51.450001	52.400002	50.860001	52.060001	51.849659	9478600
2017-07-27	52.090000	52.110001	49.310001	50.000000	49.797977	15549900
2017-07-28	49.369999	50.240002	48.860001	49.990002	49.788021	9918400
2017-07-31	49.950001	50.099998	49.279999	49.340000	49.140644	6719000
2017-08-01	49.290001	49.400002	48.410000	48.599998	48.403633	12204500
2017-08-02	48.360001	48.639999	47.990002	48.139999	47.945492	8841200
2017-08-03	48.000000	49.299999	48.000000	49.270000	49.070930	8560700
2017-08-04	49.459999	49.470001	48.630001	48.740002	48.543072	6482700
2017-08-07	48.810001	49.720001	48.450001	49.619999	49.419514	6396400
2017-08-08	49.439999	50.220001	49.230000	50.139999	49.937412	7443200
2017-08-09	50.029999	50.709999	49.830002	50.700001	50.495152	6760000
2017-08-10	50.459999	50.759998	49.709999	49.840000	49.638626	7081800
2017-08-11	50.080002	50.730000	50.080002	50.270000	50.066887	4785700
2017-08-14	50.660000	50.950001	50.500000	50.750000	50.544949	5931300
2017-08-15	50.889999	51.139999	50.630001	51.130001	50.923416	5510300
2017-08-16	51.369999	51.380001	50.330002	50.380001	50.176445	5794000
2017-08-17	50.110001	50.369999	48.869999	48.880001	48.682507	7630600
2017-08-18	48.669998	49.290001	48.160000	48.779999	48.582909	6910800
2017-08-21	48.700001	48.810001	48.110001	48.700001	48.503231	5743500
2017-08-22	49.070000	50.000000	48.970001	49.919998	49.718300	5843500
2017-08-23	49.560001	49.720001	48.509998	48.869999	48.672543	5171400
2017-08-24	49.090000	49.189999	48.119999	48.380001	48.184525	5472900
2017-08-25	48.419998	49.110001	48.410000	48.849998	48.652622	4292400
2017-08-28	49.000000	49.570000	48.910000	49.500000	49.299999	5519200
2017-08-29	49.000000	49.919998	48.900002	49.779999	49.779999	5913000
2017-08-30	49.689999	50.660000	49.500000	50.410000	50.410000	6197500
2017-08-31	50.389999	50.860001	49.790001	50.200001	50.200001	5919600
2017-09-01	50.380001	50.580002	49.759998	49.779999	49.779999	4534600
2017-09-05	49.669998	49.689999	48.689999	48.990002	48.990002	7732400
2017-09-06	49.130001	51.340000	49.070000	50.209999	50.209999	9366300
2017-09-07	50.259998	51.580002	50.099998	51.470001	51.470001	8642900
2017-09-08	51.419998	51.549999	50.779999	51.139999	51.139999	5629100
2017-09-11	51.459999	52.119999	51.430000	52.070000	52.070000	5691000
2017-09-12	52.049999	52.410000	51.730000	51.919998	51.919998	4385200
2017-09-13	51.980000	52.099998	51.480000	52.070000	52.070000	3919200
2017-09-14	51.840000	52.509998	51.680000	52.080002	52.080002	5714800
2017-09-15	51.900002	52.509998	51.860001	52.480000	52.480000	9369100
2017-09-18	52.439999	52.689999	51.840000	51.849998	51.849998	5646400
2017-09-19	51.950001	52.180000	51.180000	51.779999	51.779999	6379800
2017-09-20	51.820000	52.840000	51.639999	52.810001	52.810001	4503500
2017-09-21	52.759998	53.009998	52.380001	52.849998	52.849998	3707500
2017-09-22	52.549999	53.230000	52.330002	53.099998	53.099998	3796100
2017-09-25	53.040001	53.369999	52.669998	53.330002	53.330002	4161200
2017-09-26	53.340000	53.750000	53.110001	53.580002	53.580002	5054200
2017-09-27	53.779999	54.230000	53.650002	53.830002	53.830002	5078900
2017-09-28	53.650002	54.080002	53.599998	53.689999	53.689999	4549700
2017-09-29	53.650002	54.299999	53.200001	54.259998	54.259998	4581500
2017-10-02	52.810001	53.459999	52.380001	52.779999	52.779999	8076900
2017-10-03	52.680000	53.040001	51.959999	52.119999	52.119999	6922000
2017-10-04	51.990002	52.209999	51.639999	51.820000	51.820000	4825400
2017-10-05	51.910000	52.400002	51.509998	52.349998	52.349998	5032900
2017-10-06	52.259998	52.369999	51.790001	52.349998	52.349998	4448000
2017-10-09	52.450001	52.900002	52.349998	52.810001	52.810001	3060600
2017-10-10	52.880001	52.939999	52.349998	52.389999	52.389999	3013100
2017-10-11	52.139999	53.099998	52.020000	53.080002	53.080002	4600200
2017-10-12	53.189999	53.860001	53.119999	53.580002	53.580002	5134300
2017-10-13	53.740002	53.939999	52.750000	52.830002	52.830002	3946700
2017-10-16	52.799999	53.290001	52.610001	52.840000	52.840000	6598400
2017-10-17	52.259998	54.279999	52.099998	54.230000	54.230000	9782300
2017-10-18	54.290001	54.980000	53.599998	53.680000	53.680000	7466000
2017-10-19	53.160000	54.119999	53.000000	54.060001	54.060001	5174100
2017-10-20	54.450001	54.930000	54.110001	54.520000	54.520000	6114400
2017-10-23	54.540001	54.759998	54.110001	54.119999	54.119999	4514800
2017-10-24	54.160000	54.970001	54.150002	54.330002	54.330002	4028000
2017-10-25	54.480000	54.990002	52.709999	52.919998	52.919998	7776900
2017-10-26	52.439999	52.939999	50.680000	52.349998	52.349998	13005100
2017-10-27	52.119999	53.200001	52.000000	52.540001	52.540001	6438600
2017-10-30	52.410000	52.549999	51.290001	51.599998	51.599998	6320400
2017-10-31	51.580002	51.599998	50.389999	50.430000	50.430000	7431200
2017-11-01	50.730000	50.959999	49.770000	50.150002	50.150002	6119800
2017-11-02	50.220001	51.639999	50.090000	51.619999	51.619999	6117100
2017-11-03	51.630001	51.740002	51.169998	51.310001	51.310001	4002200
2017-11-06	51.049999	51.250000	50.590000	51.150002	51.150002	4573300
